district,state,women_literacy_pct,women_married_early_pct,institutional_births_pct,full_vaccination_pct,stunting_pct,wasting_pct,severe_wasting_pct,underweight_pct,overweight_pct,child_anaemia_pct,women_anaemia_pct,women_diabetes_pct,men_diabetes_pct,women_hypertension_pct,men_hypertension_pct,women_tobacco_pct,men_tobacco_pct,women_alcohol_pct,men_alcohol_pct,clean_fuel_pct,sanitation_pct
Nicobars,Andaman & Nicobar Islands,87.5,11.4 ,97.8,(64.2),21.6 ,15.7 ,7.8 ,24.6 ,1.5 ,37.7 ,38.3,3.9,4.4,35.4,47.0,63.5,76.8,29.6,64.5,56.9,83.5
North & Middle Andaman ,Andaman & Nicobar Islands,84.0,15.4 ,97.7,*,27.0 ,27.0 ,8.3 ,42.8 ,0.8 ,30.4 ,62.1,6.4,6.9,27.4,32.2,46.8,70.5,5.1,45.3,61.3,86.4
South Andaman ,Andaman & Nicobar Islands,86.7,17.1 ,99.5,(76.3),21.1 ,12.6 ,3.5 ,17.4 ,7.2 ,43.4 ,57.7,9.5,7.8,23.0,26.9,19.6,50.8,1.7,32.8,91.9,89.3
Srikakulam ,Andhra Pradesh,64.3,25.4 ,97.9,(82.8),19.7 ,19.5 ,7.4 ,21.4 ,4.5 ,59.6 ,62.6,7.8,8.6,22.1,22.9,7.1,21.3,0.6,28.3,74.7,71.6
Vizianagaram ,Andhra Pradesh,58.3,33.7 ,99.0,(76.8),36.4 ,19.2 ,8.3 ,32.2 ,4.7 ,66.7 ,64.0,7.0,7.5,25.2,25.1,11.4,21.5,0.8,32.3,60.3,61.7
Visakhapatnam ,Andhra Pradesh,69.5,25.4 ,95.3,(76.5),31.0 ,21.5 ,11.2 ,33.5 ,4.8 ,72.6 ,58.0,8.6,8.5,23.9,29.2,6.3,22.8,1.3,30.2,72.9,77.8
East Godavari ,Andhra Pradesh,77.9,26.0 ,96.6,(59.0),23.1 ,14.3 ,3.8 ,22.4 ,3.4 ,66.8 ,63.0,12.7,15.5,29.0,32.2,3.2,25.5,0.7,25.9,80.3,77.7
West Godavari ,Andhra Pradesh,77.0,22.1 ,98.7,(80.0),31.4 ,11.7 ,4.7 ,22.5 ,5.2 ,62.3 ,63.0,13.1,10.4,28.8,31.4,2.2,21.8,0.2,23.6,86.8,80.8
Krishna ,Andhra Pradesh,76.9,25.3 ,98.9,(90.0),29.8 ,14.3 ,5.2 ,21.1 ,4.2 ,65.7 ,60.3,13.4,11.9,24.0,28.5,1.4,21.3,0.4,22.8,89.8,79.1
Guntur ,Andhra Pradesh,68.5,35.4 ,98.6,(76.2),23.8 ,17.8 ,8.1 ,26.9 ,3.6 ,59.3 ,59.5,13.0,13.4,25.8,31.3,1.6,25.4,0.2,24.5,91.7,83.4
Prakasam ,Andhra Pradesh,62.8,37.3 ,97.4,(51.9),22.6 ,8.7 ,3.3 ,24.7 ,5.1 ,62.6 ,60.4,12.6,15.3,27.8,33.0,2.2,28.2,0.3,19.0,90.8,78.4
Sri Potti Sriramulu Nello ,Andhra Pradesh,70.5,23.8 ,97.0,65.3 ,29.2 ,17.2 ,6.9 ,27.8 ,0.5 ,67.5 ,59.4,12.3,12.7,23.0,25.1,4.4,26.5,0.3,25.9,84.6,81.8
Y.S.R. ,Andhra Pradesh,63.8,25.6 ,99.4,83.0 ,34.4 ,14.1 ,4.2 ,26.7 ,0.2 ,60.6 ,56.1,8.7,10.6,23.2,27.3,3.1,18.0,0.2,16.0,94.3,85.4
Kurnool ,Andhra Pradesh,57.0,36.9 ,88.5,67.0 ,50.5 ,16.7 ,6.0 ,46.3 ,1.1 ,70.8 ,58.6,6.9,10.2,27.0,31.8,2.1,19.9,0.4,20.0,78.1,73.5
Anantapur ,Andhra Pradesh,63.6,37.3 ,94.7,(81.8),36.0 ,19.3 ,4.0 ,40.6 ,0.3 ,55.8 ,50.5,7.8,8.3,23.4,26.7,5.0,20.5,0.6,16.8,86.4,71.3
Chittoor ,Andhra Pradesh,69.3,28.1 ,97.1,(66.6),27.1 ,14.8 ,6.3 ,27.9 ,0.5 ,54.9 ,51.8,8.4,12.3,22.7,27.1,4.3,18.7,0.4,18.3,86.6,74.6
Tawang ,Arunachal Pradesh,59.1,11.9 ,84.2,67.5 ,30.4 ,7.1 ,1.9 ,9.0 ,21.1 ,89.6 ,59.1,0.7,1.6,30.3,36.4,5.1,24.0,23.4,43.2,88.1,81.7
West Kameng ,Arunachal Pradesh,73.7,12.5 ,93.6,(56.2),24.2 ,23.2 ,11.9 ,13.4 ,15.5 ,66.6 ,37.4,0.7,1.6,19.8,30.7,13.9,38.7,19.5,45.9,88.9,88.9
East Kameng ,Arunachal Pradesh,62.2,26.5 ,76.0,60.8 ,35.7 ,15.8 ,8.5 ,14.2 ,10.2 ,51.7 ,26.2,4.0,6.3,19.5,29.0,24.9,48.2,27.4,49.8,49.5,75.6
Papum Pare ,Arunachal Pradesh,78.2,25.4 ,88.0,60.7 ,29.7 ,9.0 ,5.0 ,15.6 ,9.1 ,53.4 ,38.4,3.0,6.5,20.6,32.7,16.1,43.7,16.1,42.7,81.3,75.7
Upper Subansiri ,Arunachal Pradesh,64.3,26.7 ,77.0,68.5 ,36.8 ,12.2 ,8.1 ,19.2 ,9.0 ,60.4 ,36.7,2.2,3.3,25.4,37.5,19.8,55.3,42.8,65.6,32.8,80.9
Upper Siang ,Arunachal Pradesh,74.4,17.1 ,76.0,(61.4),30.4 ,12.5 ,5.0 ,12.0 ,13.5 ,51.0 ,29.2,2.9,4.2,26.1,31.7,21.3,59.2,22.0,61.2,36.3,91.8
Changlang ,Arunachal Pradesh,77.6,16.8 ,75.1,70.9 ,26.3 ,16.3 ,8.3 ,25.0 ,3.9 ,65.3 ,57.2,3.1,4.3,22.8,27.5,21.9,59.9,30.0,60.9,34.1,82.3
Lower Subansiri ,Arunachal Pradesh,76.8,16.0 ,89.8,(66.5),30.7 ,11.5 ,5.9 ,8.1 ,14.4 ,52.4 ,40.5,3.6,5.0,25.7,36.6,18.0,46.7,16.8,48.1,60.8,82.8
Dibang Valley ,Arunachal Pradesh,77.8,20.7 ,85.5,(90.7),16.9 ,18.1 ,7.8 ,16.0 ,4.6 ,88.6 ,62.9,5.2,6.2,32.2,45.4,20.3,55.4,27.9,64.3,49.3,95.0
Lower Dibang Valley ,Arunachal Pradesh,81.6,13.8 ,90.1,73.8 ,14.3 ,7.6 ,2.9 ,9.7 ,5.0 ,51.5 ,34.6,4.1,5.9,25.6,38.1,20.6,52.1,20.3,48.7,57.4,89.9
Anjaw ,Arunachal Pradesh,67.9,21.8 ,78.0,(93.0),23.6 ,14.3 ,7.5 ,16.0 ,2.9 ,57.1 ,35.9,8.7,10.7,31.1,42.6,22.1,66.1,31.6,68.4,29.0,86.8
East Siang ,Arunachal Pradesh,83.8,14.9 ,90.8,(48.8),24.6 ,8.6 ,4.2 ,10.3 ,9.0 ,51.5 ,35.2,3.4,4.4,29.7,38.1,24.7,51.3,18.8,50.7,52.4,83.9
Kra Daadi ,Arunachal Pradesh,55.3,24.8 ,73.5,(63.6),28.8 ,9.4 ,5.7 ,14.5 ,20.2 ,62.0 ,22.6,0.9,0.5,19.4,26.1,9.9,25.0,11.5,34.8,78.3,89.3
Kurung Kumey ,Arunachal Pradesh,76.5,19.8 ,69.2,(71.4),29.2 ,15.1 ,5.3 ,13.9 ,5.8 ,62.4 ,34.8,1.9,2.4,19.2,26.0,16.4,39.4,27.5,50.2,57.3,78.3
Lohit ,Arunachal Pradesh,73.4,20.0 ,90.2,(74.0),24.5 ,12.7 ,4.9 ,12.9 ,7.6 ,52.5 ,47.2,4.8,4.6,22.1,26.6,17.8,53.0,20.9,50.0,63.9,83.7
Longding ,Arunachal Pradesh,71.9,7.9 ,64.5,52.7 ,15.8 ,20.6 ,14.2 ,13.8 ,4.2 ,38.4 ,34.1,4.9,6.7,20.5,31.1,16.0,56.1,21.8,55.2,22.4,83.5
Namsai ,Arunachal Pradesh,67.1,26.7 ,63.6,67.2 ,28.7 ,12.4 ,4.2 ,17.7 ,6.2 ,59.2 ,58.6,3.0,3.9,27.1,28.1,25.3,68.8,28.4,61.6,28.7,75.1
Siang ,Arunachal Pradesh,87.4,10.0 ,81.1,(60.3),21.3 ,12.1 ,7.0 ,8.8 ,13.0 ,24.9 ,23.9,2.5,4.4,24.4,31.5,19.6,55.5,27.3,60.6,27.6,91.2
Tirap ,Arunachal Pradesh,75.1,12.0 ,70.2,66.3 ,38.6 ,13.8 ,7.3 ,16.0 ,11.7 ,48.4 ,32.0,3.3,4.7,25.2,31.6,12.7,44.8,16.4,49.0,50.4,86.7
West Siang ,Arunachal Pradesh,77.9,18.9 ,84.6,(55.4),24.5 ,15.1 ,8.1 ,16.2 ,14.9 ,45.6 ,30.5,3.6,3.3,32.7,41.1,16.9,44.3,26.9,49.8,57.1,87.7
Kokrajhar ,Assam,73.7,36.2 ,81.9,51.1 ,34.6 ,20.5 ,8.9 ,35.2 ,4.3 ,74.7 ,59.5,2.9,4.1,17.8,19.4,25.7,55.5,12.3,31.3,43.3,72.2
Goalpara ,Assam,74.1,41.8 ,92.3,70.3 ,38.9 ,24.3 ,14.3 ,35.4 ,5.4 ,60.7 ,64.9,3.0,3.8,16.8,17.9,15.6,52.0,5.0,16.2,36.3,75.3
Barpeta ,Assam,74.8,40.1 ,87.6,54.6 ,29.8 ,19.5 ,7.5 ,26.2 ,6.1 ,63.5 ,64.8,4.3,4.8,17.9,16.7,14.3,46.4,0.7,8.0,38.7,63.7
Morigaon ,Assam,78.7,39.1 ,88.3,73.4 ,43.2 ,16.1 ,7.5 ,30.5 ,4.3 ,53.3 ,64.2,4.4,4.7,20.1,20.5,29.9,56.9,1.9,15.6,37.6,62.3
Lakhimpur ,Assam,83.9,36.3 ,96.2,69.0 ,38.5 ,18.2 ,7.5 ,34.4 ,2.3 ,69.3 ,65.4,3.5,3.4,20.8,25.0,27.2,55.8,15.5,39.9,36.1,74.2
Dhemaji ,Assam,81.5,32.0 ,87.3,89.7 ,37.2 ,18.3 ,10.1 ,25.7 ,3.5 ,73.1 ,62.9,2.2,3.7,16.0,24.1,26.2,62.7,30.6,59.5,21.6,70.8
Tinsukia ,Assam,70.5,19.8 ,82.6,(75.0),32.8 ,21.5 ,9.4 ,32.2 ,2.7 ,66.4 ,72.8,4.7,8.1,17.1,19.3,23.1,51.1,15.7,43.7,40.9,66.7
Dibrugarh ,Assam,76.6,23.0 ,93.1,(83.8),27.3 ,20.6 ,8.4 ,32.0 ,2.0 ,66.4 ,70.8,6.6,9.0,18.1,21.4,27.9,57.7,19.0,51.9,44.7,75.3
Golaghat ,Assam,75.1,20.7 ,90.4,(72.4),26.3 ,19.2 ,5.4 ,25.5 ,2.4 ,75.1 ,77.2,4.7,6.6,20.5,22.0,21.6,52.0,10.4,38.2,33.1,73.1
Dima Hasao ,Assam,87.7,16.5 ,89.5,(63.6),30.6 ,23.6 ,11.3 ,21.7 ,12.5 ,73.1 ,60.5,2.4,2.8,17.1,23.5,21.3,55.2,23.9,57.2,48.2,83.8
Cachar ,Assam,77.2,29.9 ,79.2,70.4 ,28.7 ,30.7 ,12.5 ,38.2 ,3.3 ,61.8 ,57.4,6.1,4.5,17.0,15.4,33.2,51.0,2.5,14.6,43.0,57.6
Karimganj ,Assam,80.7,27.7 ,76.4,75.1 ,29.1 ,48.0 ,30.5 ,52.9 ,1.0 ,64.1 ,52.0,4.3,4.5,16.5,17.2,43.0,54.2,1.4,7.0,39.6,61.5
Hailakandi ,Assam,82.2,32.9 ,83.0,68.6 ,42.9 ,22.2 ,8.2 ,42.4 ,2.0 ,59.5 ,61.4,5.8,7.3,21.8,24.4,45.1,58.3,3.1,10.1,35.2,60.0
Bongaigaon ,Assam,75.8,41.7 ,84.5,67.9 ,46.2 ,20.2 ,7.4 ,35.3 ,8.8 ,77.2 ,70.6,4.0,5.8,13.6,15.9,18.8,45.7,1.0,13.2,49.8,72.5
Chirang ,Assam,71.5,30.9 ,83.7,71.1 ,42.7 ,19.5 ,8.5 ,39.7 ,4.5 ,70.4 ,65.2,2.6,4.1,20.8,25.6,18.6,55.1,8.9,30.9,44.5,77.1
Kamrup ,Assam,79.6,21.9 ,85.0,63.6 ,22.6 ,14.8 ,5.3 ,19.7 ,7.5 ,72.9 ,71.5,8.4,7.3,22.2,19.2,14.3,44.7,3.2,19.1,57.4,68.7
Kamrup Metropolitan ,Assam,86.0,21.9 ,89.1,(53.6),25.4 ,18.2 ,7.3 ,25.0 ,8.7 ,80.4 ,74.6,6.8,10.4,17.0,20.3,11.8,39.9,3.9,24.2,85.1,65.2
Nalbari ,Assam,83.9,28.1 ,91.8,(65.5),27.5 ,15.4 ,4.9 ,26.7 ,4.6 ,71.0 ,66.4,8.0,9.7,22.5,24.9,11.7,42.0,2.4,15.5,51.1,68.1
Baksa ,Assam,74.8,24.9 ,89.9,70.5 ,41.2 ,17.0 ,6.2 ,34.0 ,8.6 ,78.6 ,73.6,4.0,6.3,24.5,25.0,14.9,57.6,11.9,33.4,35.2,68.9
Darrang ,Assam,75.6,42.8 ,84.4,57.1 ,42.0 ,27.0 ,9.1 ,33.1 ,5.6 ,66.8 ,70.4,3.4,4.8,16.7,14.5,10.2,43.0,0.3,7.8,30.1,67.9
Udalguri ,Assam,70.0,32.0 ,86.2,(38.3),33.8 ,21.3 ,11.6 ,32.5 ,5.2 ,77.6 ,81.5,4.6,6.8,19.7,22.6,12.2,50.8,11.1,35.1,34.0,73.8
Biswanath ,Assam,69.2,25.3 ,84.3,66.2 ,42.7 ,27.1 ,13.7 ,41.0 ,3.3 ,79.8 ,64.4,2.6,4.4,23.5,28.4,27.8,61.6,11.5,40.5,35.0,76.6
Charaideo ,Assam,71.9,22.6 ,88.2,(74.0),39.0 ,23.5 ,7.3 ,34.8 ,4.0 ,69.7 ,72.3,4.1,5.0,18.2,17.9,25.4,57.9,17.7,50.4,27.3,75.9
Dhubri ,Assam,69.5,50.8 ,64.2,71.6 ,48.5 ,21.5 ,6.7 ,37.8 ,6.0 ,73.1 ,63.2,3.1,4.4,18.2,19.0,21.8,55.0,0.3,5.1,40.7,61.8
Hojai ,Assam,83.2,30.9 ,82.1,55.5 ,39.3 ,12.7 ,4.6 ,28.4 ,6.0 ,56.8 ,56.3,7.5,8.0,21.0,25.2,18.8,53.7,2.2,16.7,52.0,63.1
Jorhat ,Assam,85.1,24.9 ,96.5,69.2 ,38.7 ,15.5 ,5.1 ,33.2 ,5.4 ,74.1 ,71.8,7.3,9.3,25.9,26.3,16.5,47.1,4.0,30.9,48.3,80.4
Karbi Anglong ,Assam,78.8,26.1 ,74.9,64.3 ,31.6 ,17.2 ,8.7 ,28.2 ,4.3 ,67.5 ,59.0,3.2,4.8,20.1,22.8,20.5,55.0,20.5,48.5,33.4,75.2
Majuli ,Assam,83.4,25.5 ,90.3,78.6 ,35.4 ,14.1 ,3.9 ,22.2 ,3.8 ,73.0 ,67.8,3.9,5.3,19.7,23.3,26.6,54.7,32.1,45.4,19.3,65.6
Nagaon ,Assam,78.4,42.6 ,83.7,58.2 ,38.9 ,19.4 ,5.2 ,32.4 ,7.4 ,68.6 ,61.0,6.2,9.1,16.4,17.0,18.2,49.0,2.5,14.8,38.6,66.1
Sivasagar ,Assam,86.6,27.9 ,95.3,(77.6),26.1 ,21.1 ,6.1 ,25.9 ,3.5 ,67.5 ,67.6,6.2,8.8,22.0,26.0,25.5,58.4,13.5,42.9,45.5,82.3
Sonitpur ,Assam,76.9,24.0 ,83.5,70.9 ,36.7 ,13.1 ,4.5 ,21.9 ,3.2 ,69.4 ,63.6,3.9,4.6,24.8,24.5,23.3,59.1,4.4,28.9,45.8,72.2
South Salmara Mancachar ,Assam,63.5,44.7 ,71.7,65.8 ,38.9 ,18.2 ,7.1 ,27.9 ,5.9 ,69.6 ,57.1,2.8,4.5,15.5,16.5,25.2,50.0,0.2,0.9,28.5,59.0
West Karbi Anglong ,Assam,73.9,21.3 ,72.5,47.9 ,40.9 ,23.2 ,12.7 ,31.1 ,3.9 ,79.0 ,57.9,2.1,2.3,17.0,22.2,20.2,58.2,23.0,54.2,17.7,76.7
Pashchim Champaran ,Bihar,52.5,39.1 ,79.5,62.1 ,43.5 ,13.2 ,5.4 ,30.3 ,2.4 ,61.6 ,50.6,4.5,6.8,18.1,22.6,5.9,48.1,0.9,10.8,31.4,43.3
Purba Champaran ,Bihar,50.2,49.2 ,61.5,68.3 ,49.1 ,16.8 ,5.7 ,37.9 ,3.8 ,61.0 ,57.3,4.9,7.8,16.2,23.6,7.6,55.2,0.5,14.9,44.2,48.3
Sheohar ,Bihar,52.5,34.6 ,74.3,62.9 ,34.4 ,35.4 ,21.4 ,42.2 ,3.4 ,73.1 ,61.6,3.1,4.6,15.5,20.8,4.5,56.6,0.3,14.9,31.3,57.9
Sitamarhi ,Bihar,51.7,46.8 ,64.4,66.6 ,54.2 ,16.2 ,4.7 ,40.8 ,2.2 ,70.0 ,61.7,5.6,5.3,17.8,17.9,6.4,55.4,0.1,12.7,40.5,50.7
Madhubani ,Bihar,53.2,39.2 ,73.7,74.1 ,43.3 ,17.1 ,6.0 ,36.0 ,2.0 ,71.0 ,61.4,4.9,9.5,18.2,23.4,5.0,53.9,0.1,11.1,40.0,38.2
Supaul ,Bihar,42.1,55.9 ,80.4,73.6 ,42.3 ,25.8 ,8.2 ,45.0 ,1.4 ,63.6 ,60.7,5.5,7.8,11.6,14.1,11.4,53.0,0.1,7.9,15.0,50.7
Araria ,Bihar,43.7,52.0 ,66.2,61.6 ,49.9 ,23.9 ,5.2 ,47.8 ,3.0 ,75.8 ,67.9,6.4,7.8,12.1,15.8,12.3,53.2,0.2,8.4,15.2,32.2
Kishanganj ,Bihar,48.0,36.6 ,54.6,67.3 ,38.8 ,23.9 ,7.6 ,41.1 ,1.5 ,67.5 ,65.1,4.4,8.0,17.4,22.7,11.6,50.4,0.6,6.2,15.3,52.4
Purnia ,Bihar,47.5,51.2 ,68.9,62.7 ,43.5 ,25.8 ,8.0 ,47.1 ,0.8 ,68.0 ,66.0,6.8,9.8,18.7,22.5,6.2,47.3,0.9,13.2,19.3,35.6
Katihar ,Bihar,49.7,49.4 ,66.9,73.7 ,43.9 ,23.5 ,8.7 ,48.1 ,1.4 ,65.6 ,68.4,6.3,8.8,17.0,17.8,6.1,49.2,0.6,10.3,16.9,44.6
Madhepura ,Bihar,47.6,52.0 ,75.0,72.0 ,46.3 ,20.6 ,6.2 ,43.5 ,1.5 ,67.7 ,65.7,6.4,8.3,10.4,14.5,7.9,53.2,0.5,13.8,13.4,34.6
Saharsa ,Bihar,43.1,51.0 ,70.4,72.2 ,47.8 ,20.5 ,8.3 ,42.7 ,1.9 ,69.3 ,65.3,4.7,6.7,14.9,15.5,10.7,54.9,0.2,9.6,25.2,40.5
Darbhanga ,Bihar,49.4,45.1 ,69.9,66.3 ,45.4 ,19.3 ,6.4 ,39.2 ,1.5 ,68.9 ,60.8,5.9,8.8,17.5,23.5,5.6,55.1,0.3,10.6,41.6,48.7
Muzaffarpur ,Bihar,63.0,32.9 ,72.5,74.9 ,42.6 ,19.9 ,8.1 ,34.7 ,1.9 ,64.6 ,58.9,4.9,7.2,18.1,24.0,7.2,51.5,0.5,11.2,41.5,55.2
Gopalganj ,Bihar,63.3,28.0 ,85.9,75.8 ,34.2 ,21.5 ,9.8 ,29.2 ,3.5 ,56.1 ,53.8,4.9,4.8,20.3,22.8,5.2,47.8,0.1,12.0,39.4,60.1
Siwan ,Bihar,70.9,21.3 ,86.4,76.1 ,36.7 ,18.2 ,5.8 ,30.8 ,3.1 ,63.9 ,53.1,4.9,6.6,19.6,29.6,4.6,44.1,0.4,11.4,48.0,47.7
Saran ,Bihar,65.6,26.2 ,73.0,72.0 ,39.7 ,28.8 ,10.0 ,45.0 ,2.0 ,69.8 ,62.8,6.8,8.4,16.7,19.3,4.2,44.0,0.6,17.4,36.8,37.2
Vaishali ,Bihar,62.4,44.9 ,81.6,71.0 ,38.3 ,19.6 ,6.5 ,38.4 ,3.8 ,77.1 ,63.1,5.3,7.0,17.4,19.6,3.9,46.3,0.4,19.2,40.9,52.6
Samastipur ,Bihar,54.3,49.8 ,83.4,71.4 ,44.0 ,21.3 ,7.9 ,42.8 ,1.7 ,67.2 ,60.5,5.6,7.0,15.8,16.4,3.5,51.7,0.1,10.5,36.1,48.8
Begusarai ,Bihar,62.3,49.5 ,86.0,65.8 ,37.8 ,21.0 ,8.8 ,35.6 ,4.0 ,74.5 ,62.9,5.6,5.6,13.9,17.0,4.0,49.6,0.4,13.7,45.2,62.2
Khagaria ,Bihar,51.8,44.9 ,74.2,64.7 ,34.8 ,25.3 ,9.3 ,36.4 ,1.4 ,67.1 ,59.5,7.8,10.8,13.0,16.1,3.5,43.7,0.1,6.9,33.2,65.0
Bhagalpur ,Bihar,65.6,42.4 ,77.2,66.8 ,40.0 ,21.2 ,8.3 ,40.4 ,2.8 ,78.7 ,73.0,7.1,7.3,13.3,14.7,2.4,47.3,0.2,21.2,49.2,60.9
Banka ,Bihar,55.7,49.4 ,79.8,88.1 ,46.7 ,26.9 ,11.0 ,45.8 ,5.2 ,77.8 ,65.9,4.7,9.1,17.4,18.8,1.8,49.4,0.5,17.9,32.3,38.2
Munger ,Bihar,69.5,34.7 ,93.2,73.4 ,35.5 ,26.7 ,9.1 ,39.5 ,2.4 ,74.3 ,71.4,8.7,9.6,16.1,18.3,2.5,40.9,0.1,12.9,59.4,62.8
Lakhisarai ,Bihar,57.9,56.1 ,75.8,68.9 ,42.7 ,25.6 ,10.4 ,45.1 ,1.4 ,77.2 ,72.6,4.8,7.7,12.3,13.8,2.4,45.4,0.8,20.0,42.6,51.6
Sheikhpura ,Bihar,55.0,46.1 ,89.2,82.8 ,53.6 ,16.3 ,7.7 ,37.6 ,5.6 ,80.1 ,69.5,3.4,4.4,16.3,16.1,2.1,45.0,0.2,23.2,40.3,54.2
Nalanda ,Bihar,56.1,42.0 ,80.3,75.2 ,42.6 ,27.8 ,12.1 ,46.7 ,1.8 ,80.3 ,71.0,3.8,5.2,13.4,14.0,2.8,49.8,0.3,21.5,41.0,52.5
Patna ,Bihar,67.6,26.6 ,89.1,56.6 ,34.5 ,27.5 ,10.6 ,39.6 ,1.4 ,65.4 ,67.1,7.8,8.8,16.1,14.8,2.1,39.9,0.4,21.0,64.6,61.0
Bhojpur ,Bihar,64.1,31.2 ,86.9,61.9 ,40.7 ,31.3 ,13.0 ,44.0 ,2.2 ,67.7 ,73.6,6.6,6.5,13.9,14.5,2.4,43.7,0.5,17.8,42.9,45.9
Buxar ,Bihar,68.1,30.8 ,89.5,75.0 ,39.6 ,33.2 ,15.1 ,45.3 ,4.9 ,68.3 ,66.2,4.9,4.5,13.9,10.5,1.8,42.2,0.1,11.4,44.7,52.4
Kaimur (Bhabua) ,Bihar,66.0,27.1 ,83.3,88.9 ,44.1 ,27.3 ,15.9 ,47.2 ,2.5 ,71.4 ,70.3,2.0,3.4,12.3,15.0,2.8,50.8,0.5,14.1,29.0,59.1
Rohtas ,Bihar,76.5,30.3 ,89.1,86.8 ,40.0 ,31.8 ,18.0 ,48.2 ,2.5 ,70.3 ,64.9,4.6,5.5,15.2,16.0,1.0,40.6,0.4,18.2,47.4,69.0
Aurangabad ,Bihar,67.6,27.3 ,77.5,89.7 ,41.2 ,32.9 ,18.5 ,48.7 ,4.7 ,68.4 ,60.5,3.7,4.1,16.2,15.3,3.3,46.7,1.1,23.9,38.9,47.1
Gaya ,Bihar,59.4,42.8 ,76.6,85.0 ,47.4 ,24.3 ,9.3 ,43.5 ,3.7 ,76.7 ,64.3,3.6,3.6,16.6,18.8,3.7,51.9,0.9,29.9,34.7,44.4
Nawada ,Bihar,62.1,43.3 ,79.9,74.5 ,49.4 ,18.2 ,9.1 ,37.3 ,1.1 ,73.3 ,70.4,3.9,5.1,14.5,18.5,2.9,47.9,0.9,27.9,40.7,47.9
Jamui ,Bihar,48.7,51.9 ,73.4,66.4 ,43.0 ,19.4 ,8.8 ,37.5 ,1.7 ,81.9 ,75.2,5.4,6.3,12.6,14.8,2.8,53.6,0.5,25.0,40.2,37.6
Jehanabad ,Bihar,63.2,41.6 ,89.1,70.3 ,41.3 ,36.6 ,15.2 ,51.7 ,1.8 ,61.9 ,68.1,4.7,6.5,13.4,12.0,5.5,49.1,1.1,28.5,34.3,45.5
Arwal ,Bihar,62.5,37.5 ,79.2,84.2 ,45.6 ,36.8 ,14.8 ,52.9 ,2.9 ,65.8 ,66.9,4.1,5.8,12.9,14.0,2.4,47.9,0.6,25.2,29.3,43.4
Chandigarh,Chandigarh,83.0,9.7 ,96.9,(80.9),25.3 ,8.4 ,2.3 ,20.6 ,1.9 ,54.6 ,60.3,12.0,8.8,25.0,30.6,0.6,12.1,0.3,18.6,95.8,85.0
Koriya ,Chhattisgarh,77.1,22.9 ,80.8,87.1 ,32.1 ,18.1 ,4.7 ,31.8 ,0.3 ,56.3 ,64.4,5.2,7.0,25.7,30.9,17.5,44.4,4.7,39.5,30.2,73.3
Jashpur ,Chhattisgarh,75.1,21.9 ,85.6,94.2 ,35.8 ,17.0 ,3.9 ,33.6 ,1.0 ,54.1 ,61.5,3.2,4.5,28.5,34.4,21.2,55.8,12.1,50.2,14.8,72.8
Raigarh ,Chhattisgarh,76.0,11.5 ,87.7,90.9 ,39.1 ,14.9 ,2.9 ,28.0 ,0.6 ,62.7 ,62.2,3.5,5.6,26.1,31.9,19.1,43.6,3.8,33.0,29.8,66.3
Korba ,Chhattisgarh,77.6,7.2 ,75.4,(68.4),34.7 ,14.7 ,8.0 ,27.9 ,6.3 ,63.6 ,66.4,4.5,3.8,23.9,32.7,18.6,42.6,3.7,33.4,35.5,73.3
Janjgir - Champa ,Chhattisgarh,77.0,10.2 ,86.2,85.5 ,32.5 ,24.6 ,12.0 ,30.2 ,6.6 ,74.1 ,66.3,4.1,5.0,21.6,28.3,14.8,40.4,1.3,31.3,24.8,78.8
Kabeerdham ,Chhattisgarh,67.8,15.3 ,91.7,95.4 ,37.9 ,12.0 ,3.1 ,27.3 ,6.0 ,67.5 ,43.6,2.5,2.6,24.0,26.5,13.7,40.2,2.6,27.6,25.0,80.3
Rajnandgaon ,Chhattisgarh,82.4,3.8 ,95.5,91.0 ,27.6 ,19.4 ,6.5 ,31.0 ,2.2 ,80.5 ,58.3,4.7,3.4,27.7,28.3,19.0,47.3,1.7,35.1,27.4,79.2
Mahasamund ,Chhattisgarh,72.6,9.5 ,92.9,82.1 ,36.8 ,14.0 ,3.6 ,25.8 ,3.4 ,75.8 ,63.0,3.0,3.4,17.9,21.4,23.7,43.2,3.7,30.3,30.4,84.2
Dhamtari ,Chhattisgarh,83.7,5.8 ,94.3,(80.6),30.5 ,17.9 ,6.0 ,28.9 ,2.7 ,67.3 ,59.6,3.9,6.5,21.0,24.9,14.1,38.0,2.8,32.9,30.9,89.8
Uttar Bastar Kanker ,Chhattisgarh,78.5,5.4 ,94.1,(89.5),24.8 ,24.5 ,15.7 ,36.1 ,2.6 ,62.3 ,65.2,3.5,3.5,27.0,30.2,16.5,39.4,5.2,31.9,25.9,80.5
Narayanpur ,Chhattisgarh,53.8,11.1 ,74.2,81.7 ,43.7 ,21.5 ,8.3 ,39.5 ,6.3 ,86.8 ,72.0,2.8,3.2,18.8,21.1,32.7,51.3,24.7,49.7,19.5,52.8
Bijapur ,Chhattisgarh,46.3,18.3 ,63.6,78.4 ,53.8 ,20.0 ,8.0 ,46.1 ,3.9 ,77.2 ,72.1,3.3,4.1,15.0,21.6,44.4,61.9,32.0,60.8,18.5,30.6
Balod ,Chhattisgarh,84.7,3.3 ,97.4,(85.2),33.6 ,15.1 ,8.0 ,36.0 ,7.7 ,68.3 ,56.4,2.9,2.6,25.1,27.7,11.4,36.1,1.5,26.8,33.3,83.8
Baloda Bazar ,Chhattisgarh,75.0,11.4 ,78.1,77.3 ,40.9 ,19.4 ,9.4 ,34.1 ,7.3 ,67.8 ,61.2,3.4,3.5,22.6,27.9,14.9,40.8,1.8,35.0,24.9,78.9
Balrampur ,Chhattisgarh,66.8,24.6 ,78.9,76.1 ,35.1 ,23.0 ,7.9 ,38.8 ,1.6 ,50.1 ,63.4,3.7,5.1,25.2,31.2,21.4,53.2,16.2,44.5,13.2,57.3
Bastar ,Chhattisgarh,54.6,17.3 ,63.5,57.3 ,48.1 ,20.4 ,9.1 ,45.2 ,5.2 ,80.7 ,77.2,3.0,4.8,23.7,24.1,36.4,55.8,18.5,41.4,31.6,61.0
Bemetara ,Chhattisgarh,74.1,15.1 ,95.0,93.4 ,38.4 ,16.4 ,3.9 ,27.6 ,4.1 ,61.8 ,47.0,3.0,4.1,26.9,27.6,10.6,40.2,0.7,29.0,18.9,80.5
Bilaspur ,Chhattisgarh,74.3,11.2 ,79.4,52.5 ,25.7 ,24.0 ,10.9 ,28.0 ,4.4 ,78.1 ,58.5,4.8,5.3,24.4,28.6,11.5,40.0,2.6,33.9,42.2,80.5
Dantewada ,Chhattisgarh,50.3,16.3 ,90.5,77.6 ,45.6 ,19.4 ,9.6 ,45.8 ,9.8 ,89.9 ,76.0,1.8,2.5,19.1,23.7,38.1,55.7,21.4,49.8,34.6,60.5
Durg ,Chhattisgarh,84.6,4.3 ,96.7,82.7 ,38.9 ,16.9 ,10.1 ,27.7 ,3.0 ,57.1 ,51.7,3.7,4.4,22.6,26.5,7.2,36.6,0.9,32.0,76.3,89.5
Gariyaband ,Chhattisgarh,72.1,9.7 ,87.6,83.4 ,28.9 ,21.9 ,10.6 ,22.1 ,13.5 ,73.9 ,64.6,2.9,3.1,22.6,25.6,21.0,45.3,1.2,35.1,17.1,81.0
Kodagaon ,Chhattisgarh,56.1,11.8 ,78.7,70.1 ,37.6 ,22.8 ,8.8 ,42.2 ,5.5 ,76.6 ,79.7,2.9,4.4,21.2,21.6,28.6,48.3,18.3,41.4,12.4,79.5
Mungeli ,Chhattisgarh,68.6,20.5 ,69.8,79.7 ,30.1 ,17.7 ,5.0 ,30.6 ,2.1 ,62.0 ,54.5,6.0,6.0,26.2,29.2,13.7,37.6,1.2,26.1,22.9,80.7
Raipur ,Chhattisgarh,81.3,8.8 ,90.7,74.2 ,32.2 ,21.7 ,10.3 ,32.3 ,5.6 ,74.6 ,59.1,4.0,3.0,17.7,20.6,10.9,37.5,1.2,33.3,60.5,84.0
Sukma ,Chhattisgarh,40.5,18.9 ,81.2,73.3 ,41.8 ,21.2 ,9.9 ,37.4 ,6.5 ,91.4 ,78.4,1.3,1.5,14.5,18.1,44.5,61.7,32.2,54.2,14.4,35.5
Surajpur ,Chhattisgarh,68.3,34.3 ,85.9,78.7 ,27.6 ,19.3 ,5.8 ,32.3 ,0.4 ,51.1 ,60.7,4.5,5.7,25.0,30.9,17.7,50.4,7.4,43.4,24.0,75.4
Surguja ,Chhattisgarh,73.7,18.1 ,85.3,84.6 ,29.4 ,17.5 ,7.6 ,30.6 ,1.3 ,51.4 ,58.3,4.2,7.1,28.5,37.5,24.0,49.3,12.1,40.6,24.5,75.8
Diu ,Dadra and Nagar Haveli & Daman and Diu,90.8,2.3 ,95.7,(92.9),33.9 ,17.4 ,3.8 ,28.5 ,8.2 ,62.8 ,50.3,7.6,6.4,18.1,17.7,1.7,34.5,0.4,25.2,85.3,89.7
Daman ,Dadra and Nagar Haveli & Daman and Diu,85.9,22.8 ,97.4,(78.3),30.0 ,25.2 ,7.9 ,29.3 ,1.4 ,82.5 ,60.8,7.1,7.3,18.4,19.9,2.3,36.1,0.6,32.6,92.1,67.1
Dadra & Nagar Haveli ,Dadra and Nagar Haveli & Daman and Diu,72.8,30.0 ,96.3,100.0 ,42.4 ,20.9 ,3.3 ,42.1 ,1.5 ,74.8 ,64.4,5.3,7.9,13.3,13.5,3.3,39.8,1.4,26.1,74.3,63.1
North Goa ,Goa,92.4,7.5 ,99.6,(78.6),24.2 ,17.7 ,7.3 ,25.8 ,2.7 ,55.2 ,40.0,11.0,13.1,27.3,28.3,2.7,19.2,4.4,33.8,96.7,87.7
South Goa ,Goa,93.8,3.9 ,100.0,*,28.3 ,21.4 ,8.0 ,21.0 ,2.8 ,50.0 ,37.6,7.9,9.8,27.7,25.0,2.5,16.9,7.0,41.1,96.2,88.2
Kachchh ,Gujarat,75.6,19.0 ,97.4,70.2 ,37.5 ,20.2 ,10.6 ,33.4 ,2.6 ,68.6 ,57.5,5.5,5.7,19.1,18.2,8.9,38.7,0.3,2.7,67.2,85.8
Banas Kantha ,Gujarat,63.7,37.3 ,92.9,43.5 ,39.0 ,25.5 ,8.5 ,44.1 ,1.2 ,79.0 ,60.0,5.0,6.3,14.3,15.7,7.5,37.3,0.1,5.1,45.6,53.9
Patan ,Gujarat,71.1,35.4 ,98.6,81.0 ,50.5 ,20.9 ,6.5 ,42.3 ,3.1 ,76.2 ,59.8,7.3,7.7,16.3,16.3,6.9,38.9,0.2,2.1,62.6,73.1
Mahesana ,Gujarat,75.1,32.3 ,97.3,(79.6),31.0 ,28.2 ,12.0 ,41.4 ,1.5 ,86.0 ,69.3,9.0,8.3,22.6,27.0,7.7,36.9,0.2,3.2,63.1,72.1
Gandhinagar ,Gujarat,81.8,32.6 ,97.8,(77.7),38.1 ,30.6 ,9.9 ,44.6 ,0.5 ,81.2 ,68.8,8.8,8.7,23.9,29.3,7.2,33.8,0.1,5.4,76.9,84.6
Porbandar ,Gujarat,84.3,10.0 ,100.0,(82.9),18.2 ,21.8 ,14.2 ,25.5 ,3.9 ,77.9 ,47.6,5.6,7.2,15.8,16.2,16.7,59.7,0.3,6.0,76.9,85.7
Amreli ,Gujarat,77.2,10.5 ,90.1,(60.1),35.3 ,23.7 ,7.2 ,30.6 ,6.8 ,72.0 ,50.0,6.3,8.3,18.0,11.5,5.0,53.7,0.4,1.6,65.6,73.3
Anand ,Gujarat,75.9,28.0 ,96.0,(77.0),38.4 ,28.6 ,10.9 ,46.6 ,3.8 ,78.4 ,66.4,6.0,6.3,26.6,26.9,7.3,35.8,0.3,4.8,65.1,82.1
Dohad ,Gujarat,56.1,29.9 ,92.5,66.2 ,55.3 ,27.8 ,13.4 ,53.0 ,5.8 ,87.2 ,75.1,4.5,4.1,18.2,17.7,14.6,55.9,0.9,14.2,26.8,35.9
Narmada ,Gujarat,67.3,29.5 ,81.7,82.8 ,47.2 ,23.0 ,9.9 ,52.8 ,3.1 ,93.2 ,75.9,4.0,6.1,19.2,20.8,14.6,48.8,1.2,11.9,31.3,54.6
Bharuch ,Gujarat,74.0,16.8 ,91.1,(80.0),40.9 ,24.5 ,8.0 ,45.5 ,4.7 ,81.0 ,71.8,9.5,9.5,23.7,24.9,11.2,35.1,1.1,7.5,60.2,77.7
The Dangs ,Gujarat,68.9,30.2 ,74.5,91.3 ,37.6 ,40.9 ,22.2 ,53.1 ,1.1 ,82.4 ,77.2,2.2,3.9,22.9,24.1,18.5,44.8,4.6,18.3,23.4,71.7
Navsari ,Gujarat,84.1,15.7 ,99.3,95.0 ,36.8 ,29.0 ,9.3 ,43.6 ,3.4 ,75.3 ,68.7,8.8,8.1,23.7,22.1,9.0,29.2,1.4,11.8,70.2,80.1
Valsad ,Gujarat,82.9,19.4 ,96.5,91.1 ,37.8 ,23.2 ,9.1 ,34.8 ,0.3 ,87.6 ,75.7,5.4,9.5,23.8,29.3,5.3,32.3,1.5,17.9,73.1,85.3
Surat ,Gujarat,84.2,13.1 ,97.7,(92.8),36.1 ,26.0 ,14.7 ,32.5 ,5.3 ,83.6 ,69.0,6.8,6.4,23.4,22.6,7.7,32.5,1.6,8.7,88.6,82.0
Tapi ,Gujarat,72.0,25.3 ,92.9,(97.5),41.7 ,36.6 ,17.1 ,51.8 ,1.9 ,80.7 ,77.4,7.9,8.2,25.2,28.0,10.8,35.6,2.3,14.5,45.5,70.2
Ahmadabad ,Gujarat,81.5,17.5 ,94.5,(65.2),35.5 ,17.5 ,7.4 ,34.0 ,4.6 ,72.0 ,63.7,8.3,7.2,18.5,16.2,6.2,33.4,0.3,3.6,89.7,86.4
Aravali ,Gujarat,71.9,27.0 ,92.2,77.0 ,47.1 ,29.0 ,9.3 ,47.2 ,3.3 ,89.5 ,77.3,5.2,6.6,21.0,22.0,9.6,45.8,0.3,5.2,47.9,56.3
Bhavnagar ,Gujarat,74.2,18.0 ,94.2,74.3 ,32.6 ,29.6 ,6.3 ,39.5 ,1.8 ,71.5 ,49.4,6.4,8.8,20.1,18.0,9.7,50.9,0.3,4.5,59.8,72.9
Botad ,Gujarat,71.8,13.0 ,93.5,65.1 ,32.2 ,26.0 ,9.6 ,32.3 ,5.8 ,75.5 ,58.8,7.1,7.4,12.5,12.0,5.3,48.9,0.4,1.3,63.0,72.0
Chhota Udaipur ,Gujarat,53.2,27.5 ,85.7,81.7 ,48.6 ,28.4 ,13.8 ,48.1 ,4.8 ,87.7 ,78.9,3.4,5.9,19.4,17.5,8.9,47.7,1.3,11.2,25.7,53.0
Devbhumi Dwarka ,Gujarat,66.1,11.6 ,94.8,73.3 ,30.2 ,26.1 ,17.2 ,36.2 ,4.9 ,66.7 ,48.8,4.7,5.8,18.1,17.3,24.2,60.6,0.5,2.6,61.2,73.4
Gir Somnath ,Gujarat,73.1,9.9 ,87.1,69.9 ,44.4 ,18.5 ,4.9 ,30.3 ,5.0 ,68.9 ,49.9,6.3,6.5,14.0,12.3,18.9,60.7,0.4,5.2,46.8,74.3
Jamnagar ,Gujarat,83.1,6.8 ,96.5,(78.4),28.4 ,23.8 ,12.5 ,28.9 ,3.6 ,75.0 ,50.2,5.9,6.5,18.1,15.0,7.7,52.0,0.2,1.3,81.6,86.6
Junagadh ,Gujarat,82.8,11.2 ,97.4,93.5 ,37.3 ,17.3 ,7.1 ,26.4 ,4.4 ,74.7 ,58.8,7.6,8.2,23.3,20.8,13.8,54.4,0.2,2.9,67.2,81.7
Kheda ,Gujarat,70.9,49.2 ,95.2,69.0 ,37.3 ,30.9 ,12.1 ,39.5 ,2.5 ,85.1 ,76.1,6.9,7.8,24.0,24.5,13.5,45.8,0.5,6.1,48.0,63.3
Mahisagar ,Gujarat,70.9,30.7 ,93.0,80.0 ,43.4 ,26.2 ,12.0 ,49.0 ,2.6 ,85.9 ,72.5,4.7,5.0,16.3,14.7,5.0,45.5,0.3,4.1,47.4,44.4
Morbi ,Gujarat,82.4,8.9 ,94.8,64.2 ,32.9 ,25.2 ,12.5 ,32.3 ,4.0 ,75.3 ,50.7,7.1,7.5,18.4,15.1,7.3,54.7,0.2,1.9,73.6,80.1
Panch Mahals ,Gujarat,71.7,34.1 ,88.4,95.4 ,47.1 ,35.7 ,19.7 ,51.9 ,3.4 ,91.0 ,69.8,5.1,5.9,22.5,27.6,7.8,42.2,0.4,7.7,43.6,58.9
Rajkot ,Gujarat,84.7,12.1 ,99.3,(84.9),38.9 ,17.6 ,7.3 ,37.0 ,8.1 ,77.0 ,60.5,7.5,6.2,17.8,14.5,7.2,53.4,0.1,1.2,83.6,85.4
Sabar Kantha ,Gujarat,74.5,27.0 ,89.4,88.5 ,37.0 ,33.1 ,16.6 ,41.0 ,4.9 ,81.1 ,67.3,5.2,6.8,24.0,26.1,6.8,37.8,0.5,6.8,58.7,61.0
Surendranagar ,Gujarat,75.1,19.5 ,85.6,62.5 ,39.2 ,27.1 ,8.8 ,41.8 ,5.2 ,81.0 ,55.6,7.0,7.0,17.1,14.7,4.7,47.5,0.1,1.3,56.9,63.8
Vadodara ,Gujarat,84.6,22.8 ,95.9,(84.9),42.3 ,20.1 ,5.2 ,39.9 ,6.4 ,86.4 ,72.3,7.4,7.4,24.3,23.8,6.8,29.1,0.4,5.4,78.1,85.6
Panchkula ,Haryana,87.9,7.4 ,97.0,(85.1),21.8 ,12.0 ,5.0 ,19.3 ,3.9 ,53.1 ,57.1,10.5,9.0,24.3,26.2,0.9,19.5,0.3,20.0,81.1,82.6
Ambala ,Haryana,88.9,6.4 ,97.8,79.3 ,24.1 ,10.9 ,4.0 ,13.7 ,6.2 ,64.2 ,46.1,6.3,6.5,28.8,31.2,0.8,22.0,0.4,18.8,81.6,87.2
Yamunanagar ,Haryana,87.1,6.9 ,94.8,82.9 ,27.7 ,12.1 ,4.3 ,23.1 ,6.4 ,72.9 ,56.6,7.7,6.9,28.7,28.8,1.7,25.3,0.4,19.7,77.7,83.5
Kurukshetra ,Haryana,83.9,11.7 ,98.4,69.8 ,24.9 ,12.8 ,5.0 ,22.5 ,7.0 ,73.7 ,57.1,6.2,4.9,30.4,34.4,1.3,24.3,0.2,19.3,77.6,82.6
Kaithal ,Haryana,74.0,11.0 ,98.2,(74.3),29.9 ,20.7 ,9.5 ,29.9 ,2.3 ,61.4 ,61.5,6.5,6.5,16.9,20.4,1.7,22.6,0.0,13.8,55.9,89.7
Karnal ,Haryana,84.5,6.6 ,99.0,88.9 ,29.2 ,9.8 ,4.8 ,20.5 ,2.9 ,78.3 ,61.9,4.8,4.2,17.6,21.2,2.6,26.6,0.3,22.0,74.1,83.5
Panipat ,Haryana,85.9,11.9 ,97.1,80.6 ,25.1 ,9.9 ,2.8 ,18.9 ,2.4 ,73.4 ,66.9,5.8,8.3,21.6,25.6,4.6,27.3,0.5,17.6,73.0,79.3
Sonipat ,Haryana,89.1,15.5 ,99.7,(83.0),23.6 ,9.2 ,5.1 ,12.7 ,3.6 ,68.7 ,53.3,6.4,4.9,20.0,21.9,2.9,30.7,0.2,17.9,69.9,86.7
Jind ,Haryana,83.6,8.7 ,98.7,77.5 ,25.5 ,8.8 ,1.6 ,22.9 ,2.5 ,68.9 ,59.6,5.1,7.3,16.5,21.9,2.5,35.3,0.0,16.9,42.1,88.5
Fatehabad ,Haryana,73.2,11.7 ,97.9,90.7 ,24.6 ,16.0 ,5.3 ,26.6 ,1.1 ,59.3 ,62.3,8.8,9.1,17.5,20.1,0.8,23.5,0.5,14.2,43.7,87.3
Sirsa ,Haryana,73.1,8.9 ,99.3,*,25.0 ,12.6 ,5.1 ,23.4 ,0.7 ,70.1 ,61.9,8.6,12.5,19.9,26.8,1.1,21.7,0.3,12.9,38.8,81.9
Hisar ,Haryana,79.8,8.9 ,98.2,85.5 ,27.8 ,16.4 ,5.1 ,21.4 ,1.8 ,70.5 ,63.8,5.0,7.9,19.4,28.6,1.8,34.5,0.2,14.2,44.8,89.1
Rohtak ,Haryana,88.5,12.4 ,97.4,77.4 ,28.9 ,12.5 ,2.9 ,22.1 ,4.1 ,76.2 ,65.3,5.8,6.6,20.7,24.5,2.8,30.5,0.3,17.6,67.3,90.0
Jhajjar ,Haryana,89.1,7.7 ,97.2,90.9 ,15.6 ,8.0 ,3.5 ,9.7 ,6.3 ,76.9 ,60.1,4.5,5.9,21.0,26.8,2.6,34.1,0.1,14.7,55.9,91.7
Mahendragarh ,Haryana,82.7,13.4 ,98.9,73.9 ,25.2 ,8.4 ,2.1 ,15.4 ,5.0 ,72.3 ,61.2,5.1,6.0,21.6,25.8,2.3,32.9,0.4,13.9,34.2,79.8
Rewari ,Haryana,87.4,5.8 ,98.7,79.3 ,25.9 ,9.3 ,4.2 ,20.5 ,5.4 ,71.3 ,61.8,3.8,4.9,24.1,26.5,4.4,33.5,0.3,19.1,54.9,86.4
Gurgaon ,Haryana,87.1,20.7 ,96.7,(58.7),22.1 ,15.7 ,4.2 ,22.2 ,2.6 ,67.7 ,67.5,5.1,5.1,16.5,22.4,2.9,32.6,0.5,18.5,81.0,84.5
Mewat ,Haryana,45.1,28.7 ,74.6,53.8 ,44.4 ,14.2 ,7.1 ,37.3 ,3.5 ,76.4 ,60.6,2.7,2.7,15.5,19.2,4.7,36.5,0.3,5.5,22.0,71.7
Faridabad ,Haryana,84.4,15.3 ,92.5,69.5 ,28.9 ,8.0 ,3.6 ,19.5 ,2.4 ,68.4 ,54.2,5.3,5.5,23.3,26.2,2.7,23.0,0.5,13.6,89.3,84.2
Palwal ,Haryana,71.1,23.8 ,78.3,69.0 ,31.0 ,9.9 ,4.2 ,21.0 ,3.7 ,71.6 ,57.2,4.5,5.3,21.9,23.2,7.0,30.9,0.1,13.3,34.6,80.3
Bhiwani ,Haryana,80.0,15.0 ,97.7,72.5 ,29.0 ,6.0 ,1.9 ,20.6 ,1.0 ,69.2 ,66.4,4.5,4.7,18.7,24.8,1.8,34.6,0.1,14.2,36.6,89.7
Charkhi Dadri ,Haryana,84.4,11.8 ,98.9,84.2 ,23.9 ,10.6 ,2.6 ,16.9 ,1.8 ,67.2 ,72.6,4.7,6.4,20.6,22.9,1.9,38.3,0.1,12.0,36.2,90.4
Chamba ,Himachal Pradesh,84.1,3.8 ,72.0,(100.0),42.6 ,15.4 ,5.8 ,26.0 ,9.0 ,46.5 ,43.7,4.4,5.0,17.8,23.2,2.5,40.3,0.6,40.5,35.0,86.5
Kangra ,Himachal Pradesh,94.4,1.5 ,90.2,(83.9),28.0 ,19.4 ,7.7 ,32.0 ,2.3 ,55.3 ,63.4,7.9,8.4,24.9,26.6,1.2,32.9,1.1,34.1,49.1,73.3
Lahul & Spiti ,Himachal Pradesh,86.2,11.2 ,86.4,(77.9),28.5 ,16.3 ,10.3 ,18.4 ,7.4 ,91.0 ,82.1,2.3,2.8,15.0,19.2,1.7,33.5,1.8,47.9,71.7,61.7
Kullu ,Himachal Pradesh,87.4,8.7 ,87.0,80.2 ,35.9 ,16.1 ,5.8 ,25.6 ,11.2 ,75.3 ,52.8,4.3,3.6,17.4,20.6,1.4,33.6,1.0,33.7,65.0,81.2
Mandi ,Himachal Pradesh,94.0,6.3 ,86.6,(94.1),31.3 ,19.9 ,8.0 ,21.3 ,7.0 ,52.2 ,48.9,5.4,5.8,20.8,23.8,1.4,31.7,0.6,35.0,38.6,87.0
Hamirpur ,Himachal Pradesh,94.8,3.5 ,97.6,(74.3),27.3 ,14.9 ,4.9 ,23.6 ,0.8 ,52.0 ,49.5,10.6,10.8,28.1,35.2,0.7,33.0,0.3,29.2,44.7,85.5
Una ,Himachal Pradesh,92.5,1.6 ,89.7,(75.3),24.7 ,13.1 ,5.9 ,25.8 ,2.8 ,58.7 ,60.8,10.3,11.2,27.1,27.2,0.8,31.0,0.2,23.9,46.2,81.4
Bilaspur ,Himachal Pradesh,91.2,10.0 ,91.7,(100.0),40.1 ,12.0 ,2.8 ,38.8 ,5.0 ,44.8 ,53.0,8.0,9.1,22.1,20.3,1.8,33.3,0.3,26.2,35.8,80.8
Solan ,Himachal Pradesh,91.0,13.3 ,90.2,(92.6),32.3 ,20.9 ,5.6 ,26.7 ,5.7 ,50.4 ,47.5,4.3,5.9,21.7,22.3,2.9,29.0,0.5,27.4,62.5,81.8
Sirmaur ,Himachal Pradesh,84.9,5.0 ,87.4,93.9 ,28.6 ,18.5 ,9.1 ,24.2 ,6.6 ,58.5 ,50.1,4.1,4.4,19.1,20.8,4.1,27.3,0.3,22.2,46.8,84.3
Shimla ,Himachal Pradesh,93.4,6.1 ,92.2,(96.5),27.1 ,15.5 ,7.8 ,14.9 ,8.1 ,59.1 ,46.5,4.3,4.7,19.9,23.5,1.5,31.7,0.5,34.4,78.0,87.3
Kinnaur ,Himachal Pradesh,89.1,27.9 ,82.7,(91.7),32.2 ,11.3 ,4.3 ,18.9 ,9.0 ,75.6 ,51.7,3.3,2.3,18.5,22.8,2.0,44.1,0.9,50.6,70.4,80.1
Kupwara ,Jammu & Kashmir,76.0,3.1 ,97.1,93.2 ,24.9 ,25.1 ,14.7 ,25.5 ,8.8 ,78.8 ,73.5,1.5,1.9,18.1,18.9,6.8,49.8,0.0,0.2,62.0,67.7
Badgam ,Jammu & Kashmir,74.1,1.5 ,96.5,(92.5),26.8 ,18.9 ,9.1 ,20.6 ,11.1 ,85.0 ,73.9,2.8,2.8,19.9,18.6,5.4,42.9,0.0,0.2,71.1,77.0
Punch ,Jammu & Kashmir,79.3,5.4 ,86.0,91.2 ,25.9 ,15.6 ,6.6 ,18.8 ,4.5 ,54.3 ,54.1,4.1,2.9,17.9,16.3,2.3,38.8,0.3,2.4,44.6,66.7
Rajouri ,Jammu & Kashmir,79.4,12.2 ,88.8,95.0 ,30.3 ,22.5 ,12.0 ,32.4 ,5.2 ,76.4 ,60.6,2.6,2.4,16.5,13.8,3.2,44.8,0.1,8.2,42.8,63.3
Kathua ,Jammu & Kashmir,87.7,1.4 ,97.1,(100.0),21.8 ,22.5 ,13.1 ,25.9 ,18.6 ,67.0 ,53.6,3.3,2.3,18.9,23.6,2.1,33.3,0.5,21.1,68.5,75.4
Baramula ,Jammu & Kashmir,67.9,3.8 ,96.2,73.7 ,23.2 ,18.2 ,8.8 ,17.3 ,8.0 ,70.4 ,72.5,3.8,3.3,23.7,19.0,6.5,34.7,0.2,1.2,76.5,77.7
Bandipore ,Jammu & Kashmir,66.6,1.8 ,92.8,90.3 ,25.2 ,14.0 ,4.6 ,16.8 ,11.4 ,75.1 ,73.7,4.2,3.7,21.4,17.4,9.1,40.1,0.1,0.4,77.9,66.8
Srinagar ,Jammu & Kashmir,78.4,1.7 ,99.2,(90.9),33.0 ,18.6 ,7.6 ,15.8 ,12.7 ,77.0 ,51.7,2.5,2.4,20.1,18.1,1.9,36.5,0.0,0.4,98.4,86.8
Ganderbal ,Jammu & Kashmir,64.0,5.3 ,98.0,81.2 ,18.5 ,25.9 ,13.3 ,20.1 ,11.8 ,89.8 ,77.2,3.8,2.0,21.5,19.1,6.3,36.3,0.2,0.1,84.4,78.4
Pulwama ,Jammu & Kashmir,76.6,0.5 ,97.8,(88.8),22.4 ,15.3 ,6.4 ,20.2 ,12.1 ,67.4 ,73.2,2.4,1.6,22.6,19.1,3.3,41.2,0.0,0.6,76.6,91.6
Shupiyan ,Jammu & Kashmir,80.8,2.1 ,98.3,(92.2),22.0 ,32.8 ,17.4 ,33.5 ,2.9 ,57.1 ,63.9,1.1,0.9,15.1,14.2,5.0,47.0,0.4,0.4,66.1,86.5
Anantnag ,Jammu & Kashmir,74.7,2.5 ,90.5,(83.3),28.2 ,24.9 ,14.0 ,28.3 ,5.0 ,79.2 ,74.3,4.1,3.7,20.0,19.4,2.9,47.0,0.2,0.1,76.5,84.7
Kulgam ,Jammu & Kashmir,70.9,3.7 ,98.9,98.1 ,28.4 ,11.3 ,4.8 ,15.3 ,20.6 ,77.7 ,77.0,1.7,1.7,25.8,19.9,3.3,37.7,0.1,0.3,40.3,80.5
Doda ,Jammu & Kashmir,69.2,11.0 ,73.5,61.7 ,32.7 ,9.5 ,6.0 ,15.2 ,15.1 ,80.7 ,66.5,4.9,5.0,23.1,21.5,3.2,37.1,0.2,7.9,42.4,70.9
Ramban ,Jammu & Kashmir,62.2,5.5 ,80.4,78.9 ,25.7 ,15.6 ,6.6 ,21.2 ,3.5 ,62.0 ,59.7,1.3,1.3,17.5,15.7,2.8,36.4,0.5,10.0,35.8,48.9
Kishtwar ,Jammu & Kashmir,71.3,7.2 ,91.6,(91.6),27.5 ,22.8 ,15.3 ,17.7 ,21.1 ,88.5 ,84.8,0.8,1.3,13.2,13.3,3.5,41.3,0.1,9.4,50.6,59.6
Udhampur ,Jammu & Kashmir,77.3,6.1 ,87.2,85.8 ,37.3 ,19.8 ,9.6 ,31.9 ,5.8 ,70.4 ,56.5,2.6,1.8,20.1,18.3,4.7,45.2,0.6,27.1,55.1,69.8
Reasi ,Jammu & Kashmir,68.2,9.6 ,69.3,79.1 ,17.7 ,13.0 ,5.3 ,11.7 ,16.3 ,69.7 ,62.9,1.6,1.9,15.4,17.6,4.0,41.7,0.1,10.3,35.2,62.7
Jammu ,Jammu & Kashmir,91.5,5.3 ,96.5,(84.1),27.0 ,18.0 ,10.4 ,17.6 ,7.3 ,68.4 ,66.6,4.2,3.6,20.5,22.6,0.8,25.7,0.3,25.5,87.9,81.2
Samba ,Jammu & Kashmir,84.8,6.3 ,97.9,90.9 ,24.5 ,20.4 ,9.8 ,15.5 ,12.1 ,69.0 ,62.4,4.0,4.4,21.1,21.5,3.0,38.9,0.7,28.1,73.0,78.8
Garhwa ,Jharkhand,62.7,31.3 ,84.0,77.2 ,47.7 ,18.9 ,5.3 ,40.6 ,0.5 ,62.5 ,62.7,4.7,7.7,18.3,23.4,4.8,46.7,3.0,29.2,24.7,54.1
Chatra ,Jharkhand,61.8,31.7 ,71.5,71.7 ,42.2 ,17.2 ,3.9 ,39.8 ,1.3 ,62.6 ,56.0,5.1,5.4,16.0,22.1,6.4,49.7,5.9,38.7,20.4,48.1
Kodarma ,Jharkhand,66.9,42.5 ,91.3,73.8 ,34.6 ,18.0 ,5.0 ,31.7 ,2.5 ,60.0 ,64.9,4.4,11.0,13.8,20.6,1.4,37.3,0.5,29.2,35.8,54.0
Giridih ,Jharkhand,57.3,45.6 ,70.7,70.6 ,31.9 ,27.8 ,14.5 ,34.3 ,5.4 ,62.8 ,64.7,4.2,7.1,17.4,23.9,4.4,44.8,1.4,29.8,32.4,59.2
Deoghar ,Jharkhand,54.2,49.2 ,61.3,54.5 ,41.7 ,17.7 ,6.2 ,36.9 ,1.9 ,73.9 ,70.2,4.7,5.8,14.2,18.5,6.6,52.0,2.0,26.3,23.5,41.6
Godda ,Jharkhand,50.4,48.5 ,70.2,63.9 ,39.4 ,24.5 ,11.2 ,40.7 ,4.7 ,75.1 ,66.3,5.9,8.7,18.6,20.2,2.7,45.1,3.3,34.2,19.7,54.9
Sahibganj ,Jharkhand,54.9,39.9 ,64.7,66.0 ,49.1 ,19.7 ,5.8 ,44.8 ,2.6 ,72.6 ,71.5,5.7,8.5,15.0,16.6,4.7,47.2,6.7,34.4,17.4,43.2
Pakur ,Jharkhand,46.7,43.4 ,64.6,69.4 ,51.3 ,23.6 ,5.9 ,51.4 ,1.9 ,72.1 ,79.7,5.1,8.7,17.1,20.2,5.8,50.8,5.1,34.5,16.9,38.3
Dhanbad ,Jharkhand,72.0,28.3 ,78.8,66.1 ,27.0 ,14.0 ,5.2 ,25.1 ,4.1 ,66.5 ,63.8,4.6,6.7,18.5,24.9,9.6,45.7,1.1,25.8,37.2,67.6
Bokaro ,Jharkhand,72.6,26.3 ,80.9,71.0 ,36.2 ,19.7 ,9.5 ,32.3 ,3.0 ,66.5 ,68.8,5.0,7.4,21.5,27.5,9.0,45.0,2.0,27.9,47.0,64.4
Lohardaga ,Jharkhand,67.5,21.9 ,84.1,88.2 ,40.7 ,26.6 ,10.0 ,43.4 ,1.8 ,68.7 ,61.7,3.3,3.7,17.5,20.2,12.8,51.7,7.9,37.6,34.0,67.7
Purbi Singhbhum ,Jharkhand,77.4,19.8 ,94.0,88.8 ,35.9 ,29.4 ,16.8 ,41.6 ,1.3 ,67.4 ,64.4,4.8,7.9,19.8,22.4,8.6,38.8,4.5,25.6,57.6,70.2
Palamu ,Jharkhand,65.4,35.4 ,74.9,80.9 ,43.7 ,18.4 ,3.9 ,37.3 ,0.6 ,68.2 ,61.0,4.1,5.9,18.3,24.3,6.0,48.9,3.1,34.9,25.4,46.3
Latehar ,Jharkhand,58.7,32.2 ,70.3,75.0 ,40.1 ,19.2 ,5.2 ,39.4 ,1.8 ,68.3 ,63.6,3.3,4.5,15.3,22.2,11.0,51.6,12.7,47.3,14.2,51.4
Hazaribagh ,Jharkhand,69.7,38.6 ,82.0,70.1 ,37.8 ,16.2 ,5.9 ,32.5 ,1.4 ,62.1 ,56.1,3.8,6.3,18.8,30.8,4.8,42.5,3.4,35.1,36.8,55.6
Ramgarh ,Jharkhand,72.7,25.1 ,79.0,81.8 ,35.3 ,23.5 ,7.2 ,35.3 ,1.0 ,59.7 ,62.3,2.9,6.4,21.1,27.4,8.6,48.5,5.9,37.0,33.2,64.2
Dumka ,Jharkhand,55.6,43.1 ,60.3,78.9 ,38.2 ,27.8 ,11.0 ,44.9 ,2.0 ,75.1 ,73.4,4.6,7.3,14.1,20.0,9.6,56.6,8.8,44.5,18.1,41.5
Jamtara ,Jharkhand,57.4,50.5 ,75.4,78.8 ,41.9 ,23.0 ,9.9 ,46.2 ,4.3 ,72.8 ,77.7,4.2,5.3,17.8,21.9,13.6,49.7,5.3,29.9,20.3,52.8
Ranchi ,Jharkhand,78.4,20.9 ,87.3,73.8 ,28.3 ,32.7 ,16.8 ,40.6 ,4.3 ,62.8 ,58.9,3.5,6.3,19.6,23.1,8.3,45.8,5.7,36.4,57.7,77.2
Khunti ,Jharkhand,59.9,21.7 ,73.8,71.9 ,38.5 ,32.1 ,16.8 ,44.0 ,6.1 ,66.9 ,70.0,1.9,4.4,11.7,14.2,16.2,57.2,19.8,57.5,18.7,55.2
Gumla ,Jharkhand,69.3,20.9 ,83.8,85.3 ,40.2 ,20.1 ,8.7 ,38.7 ,4.1 ,65.8 ,59.5,2.4,2.6,15.1,19.9,14.8,55.5,16.1,53.1,19.1,50.1
Simdega ,Jharkhand,68.8,15.9 ,75.7,79.3 ,42.2 ,21.1 ,7.7 ,37.0 ,2.8 ,75.4 ,70.6,3.1,3.5,20.9,26.7,17.6,56.5,15.7,54.1,15.9,71.3
Pashchimi Singhbhum ,Jharkhand,49.8,24.4 ,67.9,87.0 ,60.6 ,30.5 ,12.9 ,62.4 ,2.8 ,73.3 ,72.6,2.8,3.5,17.8,19.5,19.9,56.4,28.5,57.1,15.5,37.7
Saraikela-Kharsawan ,Jharkhand,68.3,19.2 ,81.8,80.9 ,40.0 ,32.9 ,23.0 ,48.7 ,9.0 ,76.1 ,70.2,3.6,5.0,15.6,17.2,11.2,42.6,11.3,37.3,31.5,60.9
Belgaum ,Karnataka,74.0,32.8 ,97.5,81.4 ,32.8 ,23.6 ,10.2 ,36.9 ,2.9 ,72.7 ,52.9,6.6,5.9,19.4,22.2,6.6,28.8,0.5,11.5,74.8,67.7
Bagalkot ,Karnataka,69.7,38.7 ,95.2,78.6 ,48.3 ,16.9 ,4.4 ,42.3 ,2.4 ,63.8 ,48.0,5.4,5.9,19.1,21.0,10.7,33.7,0.6,14.8,56.6,51.3
Bijapur ,Karnataka,66.6,39.2 ,91.8,71.1 ,45.9 ,15.0 ,4.3 ,39.0 ,2.7 ,65.2 ,52.9,5.7,7.3,20.2,21.0,10.8,34.6,0.8,15.3,60.6,44.8
Bidar ,Karnataka,73.8,19.2 ,99.0,74.8 ,36.8 ,22.1 ,11.1 ,36.1 ,2.5 ,69.3 ,55.9,3.4,5.0,21.2,24.1,8.5,31.2,0.3,16.6,65.2,56.5
Raichur ,Karnataka,54.3,21.9 ,88.9,80.2 ,39.8 ,23.2 ,11.7 ,40.7 ,1.6 ,73.6 ,60.4,3.6,4.7,18.5,16.7,13.5,28.4,0.9,15.8,64.9,53.0
Koppal ,Karnataka,59.8,27.1 ,90.7,84.8 ,49.1 ,23.1 ,3.8 ,45.8 ,0.8 ,70.7 ,54.8,4.2,6.8,19.5,22.2,19.9,34.1,1.2,13.0,47.4,58.8
Gadag ,Karnataka,70.7,27.7 ,96.2,74.3 ,45.2 ,18.2 ,4.5 ,39.8 ,1.5 ,70.3 ,50.5,5.9,6.9,22.1,23.9,8.5,35.6,0.5,13.7,56.3,55.2
Dharwad ,Karnataka,81.8,17.8 ,99.7,(87.6),45.2 ,16.5 ,4.6 ,40.4 ,2.8 ,67.2 ,52.1,6.2,6.3,26.6,23.7,6.8,36.8,0.5,15.8,79.1,79.3
Uttara Kannada ,Karnataka,84.3,11.6 ,99.3,93.6 ,29.6 ,21.9 ,13.1 ,33.3 ,3.3 ,69.0 ,44.6,6.6,6.9,26.9,25.1,10.5,26.1,0.3,12.3,73.4,89.6
Haveri ,Karnataka,71.5,16.5 ,97.2,95.7 ,29.9 ,17.7 ,3.9 ,35.0 ,0.0 ,66.9 ,50.8,6.4,7.0,21.4,24.4,9.2,33.1,1.0,12.1,60.7,68.9
Bellary ,Karnataka,64.4,22.2 ,95.7,(71.5),36.1 ,22.9 ,13.6 ,36.5 ,1.3 ,67.5 ,58.1,3.9,5.3,21.2,20.9,8.2,26.2,1.0,14.3,76.2,64.1
Chitradurga ,Karnataka,75.6,20.7 ,98.3,(94.6),36.0 ,17.9 ,8.3 ,32.4 ,3.1 ,61.1 ,44.6,6.9,7.5,29.7,30.6,14.2,36.9,2.0,21.2,80.6,63.1
Davanagere ,Karnataka,76.0,19.1 ,98.3,(79.4),38.4 ,18.8 ,3.9 ,32.8 ,2.5 ,70.2 ,51.7,7.9,9.7,24.8,29.5,8.9,30.0,1.7,14.1,79.1,83.3
Shimoga ,Karnataka,79.8,11.1 ,99.7,(96.1),29.0 ,23.2 ,13.5 ,34.4 ,6.0 ,68.9 ,41.9,7.2,6.9,27.2,28.7,11.3,32.0,1.4,18.5,85.7,85.4
Udupi ,Karnataka,90.3,4.4 ,98.9,89.9 ,23.1 ,17.6 ,6.0 ,21.0 ,3.2 ,58.3 ,47.3,9.1,9.7,31.2,32.5,7.0,17.4,1.0,15.6,67.8,94.5
Chikmagalur ,Karnataka,82.9,19.5 ,98.4,(91.0),27.3 ,24.9 ,11.5 ,25.4 ,6.6 ,53.2 ,40.8,7.5,7.7,29.2,28.7,10.9,32.3,1.5,23.8,79.0,92.3
Tumkur ,Karnataka,81.9,24.8 ,100.0,(97.7),40.3 ,10.9 ,3.1 ,26.7 ,6.1 ,67.6 ,49.3,8.1,11.0,27.4,34.0,9.8,26.7,0.8,18.8,85.3,86.1
Bangalore ,Karnataka,87.3,14.5 ,99.3,(78.2),31.3 ,19.2 ,11.4 ,28.1 ,4.3 ,58.9 ,35.5,9.7,9.2,30.7,33.5,2.9,20.9,1.1,17.3,97.2,90.4
Mandya ,Karnataka,78.3,13.1 ,99.5,(93.9),24.3 ,11.8 ,5.3 ,16.7 ,1.3 ,58.2 ,47.0,9.3,10.0,30.1,29.8,5.3,20.1,0.7,19.1,90.5,86.7
Hassan ,Karnataka,82.0,16.2 ,100.0,(96.8),27.1 ,15.2 ,5.2 ,23.8 ,5.1 ,63.6 ,42.2,8.4,9.1,28.1,29.5,10.9,29.0,1.0,26.6,86.1,87.9
Dakshina Kannada ,Karnataka,92.7,4.9 ,100.0,(86.8),25.1 ,30.5 ,15.7 ,26.4 ,6.9 ,51.1 ,38.8,7.5,6.8,30.1,29.9,4.4,15.1,0.6,11.6,82.0,97.1
Kodagu ,Karnataka,88.5,12.8 ,98.4,(90.6),30.4 ,21.7 ,9.3 ,22.6 ,7.3 ,54.4 ,39.9,9.1,9.9,31.5,33.3,8.7,22.2,2.3,27.9,78.3,93.9
Mysore ,Karnataka,78.9,17.5 ,100.0,(97.2),27.5 ,15.6 ,7.2 ,28.2 ,1.3 ,57.2 ,48.0,7.1,8.2,25.5,27.4,6.7,22.7,1.6,22.2,94.7,86.4
Chamarajanagar ,Karnataka,72.4,19.3 ,100.0,(93.3),32.2 ,18.0 ,6.8 ,28.7 ,1.6 ,68.7 ,46.3,6.3,8.1,28.8,29.9,2.8,22.4,0.9,20.0,89.0,75.2
Gulbarga ,Karnataka,68.2,29.8 ,88.7,75.3 ,34.5 ,25.0 ,12.2 ,36.2 ,4.1 ,75.1 ,56.0,3.8,6.1,17.0,24.8,11.0,33.5,0.8,17.0,58.5,36.5
Yadgir ,Karnataka,48.1,33.2 ,93.3,82.6 ,57.6 ,17.7 ,7.2 ,45.2 ,2.3 ,76.0 ,57.3,3.6,5.9,17.5,18.0,14.6,31.8,1.1,19.4,48.8,37.4
Kolar ,Karnataka,78.3,26.7 ,99.6,(86.3),31.1 ,15.5 ,5.8 ,15.7 ,5.3 ,57.9 ,43.6,7.5,8.1,24.3,27.9,13.0,19.2,0.3,12.8,89.9,89.2
Chikkaballapura ,Karnataka,76.3,27.1 ,99.0,(76.6),31.3 ,16.1 ,6.1 ,25.2 ,2.2 ,59.0 ,45.5,5.8,9.2,24.1,32.5,18.2,20.2,1.2,11.7,89.4,84.9
Bangalore Rural ,Karnataka,83.8,14.1 ,100.0,92.7 ,36.6 ,16.2 ,9.4 ,23.8 ,6.0 ,60.8 ,44.2,6.2,10.6,26.7,30.8,13.1,24.8,1.5,17.8,93.6,88.8
Ramanagara ,Karnataka,82.7,11.8 ,100.0,(100.0),15.6 ,20.0 ,7.7 ,19.8 ,4.0 ,60.2 ,45.5,9.7,11.9,28.2,29.9,3.6,25.9,0.5,17.9,92.0,89.6
Kasaragod ,Kerala,95.9,4.7 ,100.0,92.5 ,25.3 ,12.6 ,5.7 ,21.4 ,1.6 ,34.3 ,35.4,10.2,10.2,26.1,26.0,3.5,14.2,0.1,14.9,73.5,98.9
Kannur ,Kerala,99.1,5.4 ,100.0,77.7 ,19.4 ,14.0 ,6.9 ,17.9 ,3.0 ,37.2 ,39.7,11.1,11.6,31.0,34.8,1.7,12.9,0.1,14.1,70.4,99.5
Wayanad ,Kerala,93.7,8.4 ,100.0,(86.4),31.3 ,16.1 ,5.3 ,22.5 ,6.5 ,39.4 ,26.9,8.4,7.9,28.8,28.3,10.6,26.0,1.2,23.2,55.7,97.6
Kozhikode ,Kerala,99.1,4.2 ,100.0,(88.8),21.3 ,14.1 ,3.4 ,18.9 ,4.4 ,32.1 ,29.8,11.7,11.7,29.6,28.4,0.8,11.3,0.0,13.5,73.8,99.6
Malappuram ,Kerala,99.2,15.3 ,100.0,80.3 ,29.4 ,18.2 ,6.5 ,21.4 ,3.3 ,47.2 ,34.7,12.1,11.8,25.4,27.4,1.5,12.5,0.2,7.7,59.0,99.9
Palakkad ,Kerala,94.4,14.1 ,100.0,(51.8),29.7 ,21.7 ,9.0 ,27.7 ,1.1 ,51.9 ,49.6,12.8,13.0,32.4,35.3,5.1,22.5,0.4,23.1,67.5,99.0
Thrissur ,Kerala,99.4,1.0 ,100.0,*,22.0 ,9.6 ,3.8 ,17.3 ,6.1 ,48.7 ,44.4,15.1,16.6,31.4,36.8,2.3,17.8,0.2,26.2,76.3,99.5
Ernakulam ,Kerala,99.3,2.9 ,99.1,(82.6),22.0 ,17.1 ,7.4 ,19.4 ,5.4 ,36.4 ,31.7,11.8,11.5,29.6,30.2,1.4,15.3,0.5,25.0,88.4,99.3
Idukki ,Kerala,94.4,7.1 ,100.0,(89.6),24.3 ,14.5 ,6.8 ,23.6 ,2.3 ,32.0 ,32.0,10.6,10.7,34.8,31.8,3.7,24.8,0.4,24.1,54.3,97.5
Kottayam ,Kerala,99.7,1.6 ,98.7,*,23.4 ,8.4 ,2.3 ,17.3 ,3.2 ,36.8 ,38.7,16.9,15.5,34.2,38.8,1.7,18.3,0.6,27.4,72.5,98.6
Alappuzha ,Kerala,99.7,3.8 ,99.4,(61.9),20.1 ,14.4 ,2.1 ,20.4 ,4.5 ,30.3 ,31.9,12.4,14.6,32.1,36.2,1.8,18.3,0.2,29.0,79.2,99.2
Pathanamthitta ,Kerala,99.7,0.0 ,99.1,*,22.7 ,11.4 ,3.9 ,11.2 ,5.0 ,44.2 ,36.4,17.9,20.5,42.1,41.9,1.5,22.3,0.2,23.8,60.1,98.9
Kollam ,Kerala,98.2,1.8 ,100.0,(85.4),15.5 ,21.4 ,6.9 ,17.0 ,9.4 ,32.5 ,36.0,13.6,16.7,32.4,35.3,1.6,21.5,0.2,22.3,80.1,97.5
Thiruvananthapuram ,Kerala,98.5,6.2 ,99.5,(72.8),19.5 ,17.4 ,6.3 ,15.2 ,2.8 ,33.0 ,33.0,16.5,21.1,31.4,32.1,0.8,15.0,0.0,15.2,72.2,95.4
Leh(Ladakh) ,Ladakh,76.4,2.5 ,96.4,(88.9),24.3 ,17.2 ,7.6 ,19.0 ,12.7 ,95.5 ,93.5,0.7,1.6,12.8,14.7,4.4,39.5,6.1,40.6,93.5,42.4
Kargil ,Ladakh,77.2,2.5 ,93.7,(87.5),36.5 ,17.7 ,10.5 ,21.8 ,14.0 ,87.9 ,92.0,2.8,3.4,18.7,20.1,1.9,31.9,1.4,6.8,58.1,42.3
Lakshadweep , Lakshadweep ,96.5,1.3 ,99.6,(86.1),32.0 ,17.4 ,8.7 ,25.8 ,10.5 ,43.1 ,25.8,9.9,8.1,24.8,24.7,17.5,28.5,0.3,0.4,59.4,99.8
Sheopur ,Madhya Pradesh,54.8,39.5 ,84.2,65.8 ,45.8 ,16.2 ,7.9 ,37.7 ,1.2 ,71.6 ,64.9,4.4,4.2,19.2,25.7,13.9,53.4,0.3,12.9,22.9,48.0
Morena ,Madhya Pradesh,70.7,27.8 ,94.8,69.7 ,40.0 ,10.1 ,2.7 ,29.6 ,2.4 ,74.7 ,67.5,3.6,6.0,14.9,19.1,4.9,39.3,0.2,6.9,32.6,62.7
Bhind ,Madhya Pradesh,73.8,25.1 ,93.5,70.7 ,32.2 ,12.4 ,4.9 ,29.0 ,1.2 ,75.6 ,69.9,5.0,6.1,15.2,17.0,5.6,37.9,0.4,6.7,31.0,79.9
Gwalior ,Madhya Pradesh,78.1,11.8 ,94.8,80.5 ,40.1 ,12.4 ,2.4 ,33.0 ,0.7 ,78.4 ,62.5,5.6,7.1,19.9,25.1,4.6,30.2,0.2,11.3,69.8,83.2
Datia ,Madhya Pradesh,71.2,27.7 ,89.4,79.6 ,36.8 ,16.4 ,6.8 ,29.4 ,2.8 ,72.8 ,58.6,5.0,5.9,15.3,19.7,6.7,44.7,0.2,9.4,31.2,66.8
Shivpuri ,Madhya Pradesh,62.5,32.5 ,94.5,63.1 ,39.2 ,18.4 ,5.7 ,36.1 ,0.0 ,70.5 ,51.1,3.5,6.5,13.7,15.7,7.5,43.4,0.2,12.2,32.7,55.5
Tikamgarh ,Madhya Pradesh,70.6,32.6 ,89.8,(79.0),27.5 ,19.7 ,7.3 ,34.9 ,0.0 ,67.5 ,49.1,4.4,5.5,14.4,12.9,5.6,53.9,0.3,14.4,32.1,56.6
Chhatarpur ,Madhya Pradesh,63.7,39.2 ,85.2,72.9 ,45.1 ,17.5 ,5.8 ,34.6 ,1.4 ,87.2 ,63.5,4.1,5.7,17.2,17.5,10.8,60.5,0.5,17.5,30.1,55.5
Panna ,Madhya Pradesh,62.9,22.8 ,84.0,64.5 ,45.1 ,23.2 ,7.9 ,39.2 ,2.4 ,74.5 ,59.0,3.3,4.4,16.1,14.4,13.6,55.5,0.3,14.1,22.1,43.8
Sagar ,Madhya Pradesh,74.3,21.4 ,86.9,75.9 ,42.7 ,15.2 ,4.7 ,35.8 ,2.3 ,83.3 ,49.8,2.9,4.9,25.3,26.4,10.6,51.6,0.3,15.7,32.7,68.8
Damoh ,Madhya Pradesh,68.3,28.6 ,85.0,60.8 ,40.3 ,16.2 ,6.0 ,32.3 ,2.4 ,76.3 ,48.1,3.2,4.9,22.6,21.4,16.1,55.4,0.1,15.2,28.1,40.6
Satna ,Madhya Pradesh,73.0,12.9 ,85.5,(76.3),49.4 ,16.8 ,6.2 ,31.2 ,2.3 ,81.8 ,57.3,4.5,5.2,16.2,16.3,6.3,55.9,0.1,21.7,35.2,55.4
Rewa ,Madhya Pradesh,67.7,28.2 ,80.4,70.3 ,37.0 ,18.7 ,8.3 ,31.5 ,2.9 ,78.0 ,61.7,5.7,6.4,17.6,20.1,7.6,55.3,0.6,17.6,21.4,46.1
Umaria ,Madhya Pradesh,67.7,21.2 ,92.2,90.6 ,45.3 ,15.5 ,4.0 ,36.6 ,2.7 ,71.5 ,51.5,4.3,5.7,20.9,22.1,13.9,59.1,2.0,29.8,26.9,53.7
Neemuch ,Madhya Pradesh,68.5,29.3 ,97.5,88.7 ,33.0 ,13.1 ,5.4 ,27.7 ,2.5 ,77.2 ,50.3,4.0,3.8,26.0,28.5,3.0,31.1,0.4,9.1,52.4,68.9
Mandsaur ,Madhya Pradesh,67.2,34.8 ,99.4,75.1 ,30.9 ,13.1 ,4.1 ,22.9 ,1.2 ,65.4 ,56.7,4.2,5.3,29.6,36.2,2.3,35.3,0.3,11.3,45.6,65.4
Ratlam ,Madhya Pradesh,63.4,31.3 ,95.2,93.0 ,29.0 ,16.2 ,4.2 ,28.6 ,1.2 ,74.0 ,59.5,4.2,4.3,21.3,24.0,3.9,33.9,0.2,15.6,53.1,69.4
Ujjain ,Madhya Pradesh,66.3,33.4 ,97.1,93.7 ,34.7 ,29.8 ,12.6 ,36.2 ,2.8 ,81.6 ,54.5,2.8,4.0,23.3,25.0,4.7,38.1,0.8,15.7,60.7,72.8
Dewas ,Madhya Pradesh,67.3,28.1 ,92.2,87.1 ,36.8 ,20.4 ,7.6 ,30.7 ,4.5 ,79.4 ,51.3,2.9,3.5,24.4,28.6,7.3,42.1,0.5,15.4,51.0,69.6
Dhar ,Madhya Pradesh,58.6,26.5 ,95.5,(75.4),28.8 ,29.5 ,11.1 ,35.9 ,5.2 ,65.0 ,50.2,3.1,3.4,19.9,19.8,7.4,44.1,3.9,25.7,44.8,61.9
Indore ,Madhya Pradesh,81.7,21.7 ,96.5,84.6 ,28.7 ,21.2 ,6.3 ,24.9 ,2.2 ,78.8 ,48.1,4.0,4.1,20.7,21.3,4.6,36.3,0.2,14.4,86.9,90.0
Khargone (West Nimar) ,Madhya Pradesh,61.7,13.3 ,92.8,77.4 ,31.4 ,27.4 ,11.9 ,44.0 ,4.9 ,71.5 ,50.1,3.8,3.0,21.2,24.9,8.5,43.0,1.1,16.6,61.6,73.8
Barwani ,Madhya Pradesh,52.5,29.6 ,85.1,76.1 ,45.8 ,18.9 ,6.0 ,41.0 ,3.6 ,78.2 ,58.4,1.8,2.4,21.1,25.0,9.9,43.8,1.4,21.9,40.5,61.0
Rajgarh ,Madhya Pradesh,56.5,46.0 ,91.7,71.9 ,27.6 ,22.4 ,9.0 ,26.8 ,4.1 ,77.5 ,52.3,3.1,3.2,24.4,24.0,7.5,48.8,0.5,10.4,24.8,47.8
Vidisha ,Madhya Pradesh,68.9,22.8 ,90.6,78.0 ,36.5 ,16.6 ,3.4 ,34.4 ,0.3 ,52.3 ,38.5,4.9,6.0,17.2,18.1,8.8,54.0,0.1,13.9,31.8,65.2
Bhopal ,Madhya Pradesh,81.3,11.3 ,98.3,*,19.9 ,20.6 ,4.3 ,29.1 ,1.8 ,68.5 ,53.5,5.9,4.9,22.4,24.9,8.5,32.9,0.2,14.5,83.6,79.6
Sehore ,Madhya Pradesh,69.7,21.7 ,94.7,60.3 ,21.9 ,20.3 ,9.6 ,27.6 ,3.0 ,82.4 ,45.3,3.1,3.9,26.0,26.6,9.7,47.1,0.3,10.5,33.7,75.2
Raisen ,Madhya Pradesh,78.6,12.6 ,96.0,*,30.4 ,21.1 ,4.8 ,25.4 ,0.0 ,61.1 ,56.9,1.3,3.8,19.0,21.2,9.7,52.1,0.2,12.7,38.9,69.6
Betul ,Madhya Pradesh,76.1,11.2 ,87.6,80.9 ,30.8 ,21.7 ,4.5 ,31.4 ,0.0 ,57.8 ,56.2,5.2,6.8,17.8,21.6,11.9,45.7,3.1,20.5,36.0,59.8
Harda ,Madhya Pradesh,73.9,10.0 ,88.4,90.8 ,38.8 ,28.0 ,18.8 ,34.7 ,5.3 ,85.6 ,62.6,3.3,4.0,21.7,20.9,8.6,49.0,0.7,16.0,57.6,68.8
Hoshangabad ,Madhya Pradesh,73.6,16.7 ,91.8,73.5 ,34.8 ,19.5 ,8.2 ,27.2 ,2.8 ,78.8 ,51.9,3.3,4.7,24.0,29.9,21.4,50.4,1.2,15.7,47.3,68.5
Katni ,Madhya Pradesh,72.0,17.2 ,91.8,(86.0),49.5 ,21.8 ,10.6 ,44.0 ,1.7 ,78.7 ,58.7,4.1,5.3,18.5,20.8,11.7,57.4,0.4,18.8,29.5,53.5
Jabalpur ,Madhya Pradesh,72.4,(7.2),94.7,*,(18.0),(26.4),(10.0),(31.3),(0.0),(37.8),48.9,4.7,8.5,22.7,20.1,18.2,56.6,0.3,23.5,28.5,61.9
Narsimhapur ,Madhya Pradesh,73.6,19.6 ,91.4,82.7 ,32.0 ,19.6 ,5.1 ,28.1 ,1.0 ,73.4 ,46.9,4.1,6.6,23.2,24.4,27.2,55.2,0.3,15.7,36.7,77.0
Dindori ,Madhya Pradesh,66.8,21.1 ,77.6,80.3 ,38.9 ,15.8 ,4.6 ,33.6 ,1.9 ,78.1 ,65.2,4.0,6.0,25.2,27.7,22.8,60.6,6.8,36.0,12.1,47.9
Mandla ,Madhya Pradesh,69.1,15.0 ,87.6,88.9 ,32.1 ,15.9 ,3.9 ,33.0 ,2.0 ,70.2 ,60.6,5.4,6.9,24.9,30.4,29.5,57.5,3.6,28.6,22.3,58.4
Chhindwara ,Madhya Pradesh,75.0,11.6 ,92.2,(65.3),23.9 ,18.1 ,4.5 ,32.8 ,0.3 ,50.5 ,41.7,4.6,7.6,21.7,22.6,21.1,49.0,2.3,21.8,43.6,77.1
Seoni ,Madhya Pradesh,73.7,11.2 ,94.8,88.8 ,23.5 ,21.1 ,5.0 ,31.1 ,0.0 ,71.8 ,59.9,4.7,9.3,21.1,25.7,30.6,57.2,1.8,23.3,29.0,56.2
Balaghat ,Madhya Pradesh,79.8,4.4 ,95.1,(75.8),41.9 ,20.5 ,5.4 ,44.9 ,1.0 ,56.8 ,60.6,2.3,2.5,22.3,21.9,20.2,49.9,2.8,27.2,31.1,79.6
Guna ,Madhya Pradesh,56.8,28.1 ,98.0,78.8 ,31.9 ,10.1 ,4.3 ,25.1 ,1.6 ,75.1 ,49.8,2.8,2.7,17.0,18.2,6.0,42.1,0.4,12.8,34.5,55.6
Ashoknagar ,Madhya Pradesh,61.3,29.7 ,91.3,69.1 ,32.6 ,19.7 ,4.5 ,31.1 ,0.5 ,59.7 ,46.1,4.2,6.6,16.3,19.8,8.4,46.8,0.5,12.2,20.3,53.7
Shahdol ,Madhya Pradesh,72.1,27.5 ,85.6,86.1 ,44.0 ,20.4 ,5.5 ,39.2 ,2.1 ,57.3 ,56.4,5.6,7.3,19.8,23.2,8.6,46.4,2.3,26.2,26.5,61.4
Anuppur ,Madhya Pradesh,75.0,18.6 ,84.8,86.6 ,24.0 ,18.4 ,5.3 ,30.7 ,0.9 ,49.2 ,52.6,4.2,6.3,24.3,26.4,16.7,53.8,3.7,36.2,21.7,69.4
Sidhi ,Madhya Pradesh,71.7,23.0 ,83.8,78.2 ,39.1 ,16.6 ,6.4 ,32.8 ,2.5 ,72.5 ,55.7,3.7,4.7,17.5,26.0,7.4,54.5,0.7,22.0,20.9,44.7
Singrauli ,Madhya Pradesh,65.4,24.7 ,69.9,76.9 ,37.3 ,25.2 ,6.6 ,36.0 ,0.9 ,56.6 ,54.1,4.2,4.5,18.9,25.9,5.8,46.0,1.2,25.5,31.7,52.6
Jhabua ,Madhya Pradesh,38.6,36.5 ,92.9,88.9 ,49.3 ,17.9 ,5.6 ,41.7 ,1.1 ,80.1 ,58.8,3.3,4.5,23.5,23.7,4.2,35.2,1.1,22.0,17.5,57.6
Alirajpur ,Madhya Pradesh,42.1,30.7 ,83.2,84.1 ,34.6 ,15.4 ,5.4 ,31.6 ,2.3 ,76.4 ,60.5,2.5,1.8,22.0,27.7,10.6,46.3,7.0,37.4,17.4,84.7
Khandwa (East Nimar) ,Madhya Pradesh,67.7,10.8 ,93.2,(87.9),38.4 ,20.7 ,7.5 ,35.3 ,3.2 ,86.8 ,64.8,3.0,3.4,21.3,17.6,6.9,44.9,0.4,14.8,48.3,76.7
Burhanpur ,Madhya Pradesh,67.6,17.8 ,90.7,91.7 ,38.7 ,27.9 ,13.1 ,47.2 ,3.2 ,77.9 ,57.3,2.7,3.3,13.9,15.9,9.5,35.4,1.0,13.7,68.2,74.0
Agar Malwa ,Madhya Pradesh,59.4,35.6 ,98.9,(75.8),40.3 ,18.7 ,5.7 ,35.7 ,0.0 ,(71.6),59.2,6.9,6.3,21.2,25.2,2.6,37.6,0.5,8.2,39.5,72.3
Shajapur ,Madhya Pradesh,62.0,24.4 ,98.1,90.0 ,27.8 ,23.4 ,9.7 ,27.6 ,2.5 ,76.1 ,45.8,2.6,2.4,23.3,26.1,5.3,46.6,0.3,11.6,37.7,74.5
Nandurbar ,Maharastra,57.7,24.0 ,76.3,72.4 ,45.8 ,30.7 ,13.5 ,57.2 ,3.7 ,79.3 ,64.2,4.3,4.6,23.5,24.6,26.7,42.6,2.8,13.1,40.3,54.1
Dhule ,Maharastra,68.8,40.5 ,77.2,56.6 ,37.6 ,38.9 ,18.1 ,46.0 ,0.2 ,72.2 ,61.2,6.3,6.1,21.4,25.1,15.6,38.2,0.5,12.2,65.1,58.9
Jalgaon ,Maharastra,76.5,28.0 ,86.5,(61.3),36.3 ,30.5 ,8.0 ,36.9 ,1.5 ,85.2 ,65.2,5.9,7.1,20.7,24.4,12.6,37.7,0.5,12.3,79.5,59.7
Buldana ,Maharastra,79.9,24.1 ,93.9,(85.9),45.0 ,31.7 ,14.8 ,47.2 ,4.8 ,79.4 ,57.8,2.9,2.9,20.1,20.5,12.0,42.5,0.2,14.3,69.2,68.9
Akola ,Maharastra,87.5,13.5 ,97.7,69.5 ,31.8 ,29.4 ,14.7 ,30.8 ,8.6 ,77.5 ,52.6,3.5,3.2,19.4,19.1,10.4,44.0,0.2,12.9,75.5,69.5
Washim ,Maharastra,78.0,27.7 ,92.9,71.6 ,35.3 ,31.7 ,15.2 ,39.3 ,6.9 ,70.4 ,56.4,3.0,3.5,21.9,21.0,14.3,39.1,0.4,11.3,61.4,61.5
Amravati ,Maharastra,87.8,9.8 ,91.3,(92.5),29.0 ,26.2 ,10.7 ,38.0 ,2.2 ,74.4 ,53.4,4.5,4.9,19.8,18.7,9.0,40.8,0.9,18.4,71.7,75.7
Wardha ,Maharastra,93.0,9.0 ,98.8,(92.4),27.7 ,28.1 ,12.5 ,31.3 ,4.0 ,71.4 ,60.0,3.7,4.4,17.1,14.0,9.5,52.6,0.6,24.6,83.9,80.2
Nagpur ,Maharastra,94.6,7.1 ,100.0,89.4 ,27.6 ,34.0 ,20.0 ,33.9 ,10.1 ,70.5 ,53.6,3.9,4.3,21.3,18.3,5.0,40.2,0.4,17.8,96.0,88.9
Bhandara ,Maharastra,89.1,1.5 ,100.0,(87.0),31.3 ,28.4 ,13.2 ,33.9 ,4.7 ,72.8 ,65.3,4.0,3.9,21.8,19.3,19.7,60.7,1.3,26.0,71.4,81.8
Gondiya ,Maharastra,87.5,6.5 ,99.1,(88.2),36.9 ,23.7 ,11.1 ,35.6 ,8.3 ,78.0 ,60.4,3.3,3.9,21.8,18.9,17.2,55.1,0.4,22.6,68.0,74.3
Gadchiroli ,Maharastra,79.4,10.1 ,97.3,(97.9),35.7 ,30.0 ,13.5 ,35.4 ,9.5 ,76.6 ,66.2,2.3,4.3,17.0,17.2,26.5,61.4,3.1,34.7,60.5,62.4
Chandrapur ,Maharastra,87.8,9.0 ,99.6,(95.0),37.3 ,38.5 ,21.8 ,46.6 ,7.6 ,76.6 ,55.5,2.4,3.8,20.7,20.6,11.3,49.1,0.5,20.8,85.1,77.3
Yavatmal ,Maharastra,80.8,11.7 ,96.3,74.7 ,36.6 ,27.5 ,15.1 ,39.4 ,6.7 ,75.2 ,58.4,4.3,4.1,17.2,18.2,12.3,46.6,0.7,20.1,71.8,66.4
Nanded ,Maharastra,71.9,32.2 ,94.8,75.7 ,36.0 ,19.0 ,8.7 ,35.2 ,3.5 ,76.1 ,57.3,3.6,5.8,16.7,17.3,5.7,36.7,0.2,14.1,64.5,68.0
Hingoli ,Maharastra,76.5,37.1 ,94.0,76.9 ,37.4 ,25.8 ,10.5 ,38.9 ,1.0 ,72.5 ,51.3,4.5,4.6,17.4,17.4,7.8,32.7,0.2,11.8,53.1,69.0
Parbhani ,Maharastra,73.4,48.0 ,85.6,52.0 ,37.6 ,22.8 ,7.6 ,41.8 ,3.0 ,75.4 ,58.8,4.8,6.4,21.0,21.6,7.0,37.7,0.1,13.8,54.8,60.1
Jalna ,Maharastra,71.8,35.0 ,92.8,54.3 ,38.0 ,22.2 ,8.2 ,39.0 ,1.3 ,68.3 ,58.2,4.4,4.8,21.8,24.8,7.0,32.5,0.2,11.3,56.4,63.6
Aurangabad ,Maharastra,83.1,35.8 ,94.8,56.7 ,34.2 ,26.4 ,11.8 ,42.9 ,2.8 ,64.5 ,52.4,5.5,5.0,20.8,20.9,7.9,33.8,0.2,13.7,78.4,69.1
Nashik ,Maharastra,80.0,29.6 ,90.5,70.4 ,42.2 ,27.2 ,11.4 ,44.8 ,2.2 ,67.3 ,56.2,4.8,5.6,22.5,26.1,15.4,35.0,0.2,12.2,72.5,68.3
Mumbai Suburban ,Maharastra,91.6,10.0 ,98.1,*,37.2 ,18.6 ,7.2 ,24.6 ,10.5 ,65.6 ,50.0,9.9,11.0,26.6,28.0,5.9,20.0,0.3,10.0,98.7,62.6
Mumbai ,Maharastra,94.3,4.5 ,99.5,*,26.6 ,25.3 ,9.1 ,29.6 ,6.1 ,72.8 ,45.9,6.3,6.1,21.0,23.3,5.3,20.3,1.1,16.0,98.3,58.6
Raigarh ,Maharastra,79.2,16.0 ,96.6,(92.3),35.8 ,19.1 ,8.3 ,34.1 ,2.1 ,67.0 ,54.2,5.4,6.1,24.8,26.4,16.2,31.8,0.4,18.7,83.3,74.8
Pune ,Maharastra,89.0,24.0 ,98.0,(58.1),30.7 ,31.4 ,14.0 ,32.7 ,1.3 ,58.7 ,51.9,5.4,6.5,22.4,25.8,11.7,27.9,0.2,11.6,89.5,79.6
Ahmadnagar ,Maharastra,86.2,26.9 ,97.9,83.5 ,31.7 ,24.9 ,8.6 ,41.2 ,1.8 ,64.5 ,50.3,4.4,5.2,23.6,25.3,14.7,37.7,0.2,10.5,77.4,79.5
Bid ,Maharastra,76.3,43.7 ,94.0,75.9 ,40.8 ,28.4 ,11.9 ,36.8 ,3.5 ,61.0 ,50.8,3.8,5.5,26.4,24.1,6.0,37.8,0.5,9.8,54.4,66.4
Latur ,Maharastra,83.3,31.0 ,94.7,79.2 ,43.2 ,18.0 ,8.0 ,33.9 ,5.3 ,59.5 ,50.7,3.6,4.3,18.6,19.6,3.7,37.5,0.2,14.2,78.5,72.5
Osmanabad ,Maharastra,83.7,36.6 ,98.1,89.3 ,37.2 ,16.1 ,5.5 ,32.5 ,1.8 ,67.4 ,49.1,3.8,4.4,23.5,26.2,8.0,44.2,0.3,12.4,69.7,71.2
Solapur ,Maharastra,76.4,40.3 ,96.2,83.6 ,36.3 ,23.2 ,10.0 ,32.9 ,4.3 ,70.9 ,54.5,5.1,6.4,25.7,26.2,10.2,39.2,0.3,13.1,73.1,67.8
Satara ,Maharastra,87.2,18.1 ,97.1,(82.8),20.2 ,20.5 ,5.2 ,28.0 ,2.3 ,68.9 ,49.6,5.1,6.9,27.2,29.8,29.5,40.6,0.5,11.7,82.1,78.7
Ratnagiri ,Maharastra,87.2,4.4 ,97.8,(77.2),31.7 ,23.7 ,12.6 ,29.5 ,3.8 ,69.4 ,43.4,7.7,9.3,32.4,33.9,18.4,31.3,0.5,13.0,58.1,85.6
Sindhudurg ,Maharastra,92.1,5.0 ,100.0,(76.3),30.8 ,27.7 ,14.9 ,32.0 ,5.9 ,55.6 ,41.2,9.7,12.7,36.6,37.9,11.5,26.8,0.1,8.5,66.0,87.9
Kolhapur ,Maharastra,90.7,21.0 ,99.2,(67.2),33.6 ,18.9 ,5.9 ,34.7 ,4.3 ,66.4 ,50.1,7.2,7.1,31.0,33.2,9.6,25.8,0.0,10.0,84.7,82.0
Sangli ,Maharastra,90.3,27.0 ,98.0,75.0 ,35.0 ,18.6 ,7.8 ,27.2 ,6.7 ,62.7 ,47.5,5.6,6.1,30.1,32.0,11.4,31.5,0.2,7.7,87.3,84.7
Palghar ,Maharastra,77.6,14.6 ,94.2,(94.0),33.0 ,23.9 ,10.5 ,37.1 ,9.3 ,70.3 ,56.9,6.1,5.6,23.4,22.4,8.3,26.2,1.4,22.4,75.0,75.1
Thane ,Maharastra,90.5,18.4 ,93.6,(74.9),40.8 ,17.8 ,7.0 ,30.8 ,5.0 ,67.9 ,58.8,7.8,6.7,24.5,29.7,6.9,24.2,0.4,15.6,90.4,74.7
Senapati ,Manipur,81.9,15.5 ,45.8,65.0 ,27.3 ,10.7 ,5.5 ,12.9 ,6.7 ,48.5 ,27.4,4.8,4.3,18.7,28.2,46.1,63.7,1.2,35.1,50.0,84.4
Tamenglong ,Manipur,76.8,19.9 ,57.7,67.4 ,27.1 ,9.6 ,3.2 ,19.3 ,1.6 ,37.0 ,27.3,4.6,4.7,21.5,29.4,17.2,52.2,2.2,33.9,30.5,77.9
Churachandpur ,Manipur,84.2,10.5 ,72.9,64.9 ,25.1 ,12.1 ,5.8 ,9.8 ,4.5 ,41.1 ,32.0,5.6,6.9,16.3,25.2,62.1,73.8,1.2,38.1,62.3,81.2
Bishnupur ,Manipur,88.4,20.9 ,89.5,66.6 ,15.5 ,7.9 ,2.1 ,11.7 ,3.1 ,42.4 ,35.8,6.1,8.9,23.6,31.3,48.8,60.2,0.8,44.3,71.3,52.6
Thoubal ,Manipur,85.4,17.5 ,87.8,74.2 ,31.5 ,8.3 ,2.9 ,14.9 ,4.9 ,39.7 ,24.2,5.4,6.2,23.2,33.4,47.9,58.5,1.0,34.1,74.7,61.3
Imphal West ,Manipur,92.5,15.3 ,95.7,(74.1),15.6 ,9.3 ,3.1 ,10.2 ,2.6 ,41.8 ,26.8,7.2,11.8,27.5,38.4,38.0,52.3,0.5,39.3,88.6,58.7
Imphal East ,Manipur,90.0,15.2 ,91.7,76.2 ,18.4 ,11.7 ,2.4 ,14.4 ,0.5 ,50.3 ,35.9,7.4,9.3,21.9,36.0,39.6,53.5,0.8,36.1,79.0,59.5
Ukhrul ,Manipur,86.9,11.1 ,44.6,39.4 ,27.1 ,11.6 ,5.3 ,16.0 ,2.0 ,34.6 ,21.9,3.8,5.5,22.3,25.0,32.9,69.1,0.9,36.4,22.9,81.4
Chandel ,Manipur,80.2,22.3 ,55.5,55.5 ,34.0 ,8.3 ,3.2 ,14.7 ,8.7 ,42.4 ,27.3,6.7,5.7,21.7,28.2,47.9,64.7,1.2,39.1,52.0,85.2
South Garo Hills ,Meghalaya,88.6,10.2 ,88.3,(86.8),29.8 ,18.3 ,8.8 ,20.8 ,2.7 ,33.6 ,56.2,2.1,5.1,15.8,22.8,9.7,50.7,1.4,33.1,22.3,88.4
Ribhoi ,Meghalaya,89.5,20.3 ,56.9,74.8 ,42.5 ,17.9 ,7.5 ,29.6 ,4.8 ,45.7 ,62.4,2.8,2.7,13.5,16.0,34.1,60.4,0.7,30.9,21.0,85.3
East Khasi Hills ,Meghalaya,93.7,14.6 ,63.4,49.1 ,44.6 ,11.2 ,4.9 ,23.8 ,4.5 ,39.0 ,48.2,3.5,3.4,24.5,25.0,29.8,51.9,1.2,24.0,47.4,80.9
East Garo Hills ,Meghalaya,86.7,13.7 ,73.8,72.4 ,39.7 ,20.1 ,6.2 ,26.5 ,4.1 ,28.0 ,50.9,2.0,3.6,15.3,23.2,6.3,54.0,0.9,36.8,29.1,83.9
East Jantia Hills ,Meghalaya,76.0,25.3 ,48.4,74.4 ,49.8 ,8.5 ,2.9 ,23.6 ,3.7 ,47.2 ,43.9,2.1,3.3,18.7,17.2,49.2,68.5,3.6,42.0,26.5,83.6
North Garo Hills ,Meghalaya,86.1,13.2 ,61.5,(47.5),35.6 ,11.7 ,5.6 ,15.8 ,7.3 ,30.2 ,58.4,2.7,4.1,20.0,25.4,3.8,54.1,2.2,40.2,24.4,84.9
South West Garo Hills ,Meghalaya,82.6,15.3 ,83.7,85.4 ,32.2 ,19.9 ,7.1 ,26.4 ,3.3 ,35.5 ,62.5,3.5,4.3,13.6,20.0,11.1,52.4,1.2,30.6,33.9,71.4
South West Khasi Hills ,Meghalaya,85.9,21.6 ,41.7,78.8 ,51.4 ,10.4 ,4.1 ,27.6 ,3.5 ,61.3 ,58.9,2.2,2.6,18.5,19.0,50.0,63.7,1.1,31.7,11.6,89.6
West Garo Hills ,Meghalaya,89.0,10.4 ,89.6,(77.1),39.5 ,14.9 ,4.7 ,26.3 ,5.2 ,30.2 ,55.3,3.3,7.9,17.4,24.7,17.6,58.3,2.1,38.8,47.6,86.3
West Jaintia Hills ,Meghalaya,80.0,19.9 ,42.2,59.7 ,48.7 ,9.7 ,4.0 ,28.3 ,3.0 ,54.6 ,55.9,3.5,2.8,18.0,15.5,44.8,64.7,1.3,36.9,20.7,75.1
West Khasi Hills ,Meghalaya,87.4,30.3 ,41.7,62.5 ,59.0 ,8.0 ,2.7 ,31.1 ,3.1 ,56.2 ,51.8,2.6,2.7,16.0,16.4,50.2,73.3,1.6,34.4,8.6,87.8
Chandel ,Mizoram,80.2,22.3 ,55.5,55.5 ,34.0 ,8.3 ,3.2 ,14.7 ,8.7 ,42.4 ,27.3,6.7,5.7,21.7,28.2,47.9,64.7,1.2,39.1,52.0,85.2
Mamit ,Mizoram,89.6,16.8 ,75.0,85.9 ,26.4 ,7.4 ,3.8 ,13.9 ,5.9 ,45.5 ,34.9,5.0,4.6,14.3,21.0,70.2,80.6,0.4,26.2,73.3,92.7
Kolasib ,Mizoram,96.9,13.7 ,91.4,80.4 ,30.4 ,11.3 ,5.3 ,12.6 ,7.6 ,53.8 ,37.7,5.8,6.6,16.5,24.3,70.6,75.3,0.9,21.7,87.5,96.8
Aizawl ,Mizoram,98.9,3.2 ,97.4,66.4 ,25.3 ,7.3 ,2.4 ,9.6 ,12.3 ,44.0 ,31.7,6.8,6.8,23.4,33.6,54.7,68.7,1.0,25.8,95.4,96.1
Champhai ,Mizoram,97.7,11.0 ,96.7,(85.3),27.2 ,12.1 ,7.6 ,13.1 ,10.6 ,38.3 ,25.7,5.8,6.1,16.1,19.6,66.7,74.5,1.6,21.3,79.4,98.3
Serchhip ,Mizoram,99.7,7.2 ,96.2,84.7 ,31.8 ,8.4 ,4.4 ,14.4 ,8.7 ,43.2 ,32.1,5.8,5.6,11.6,17.7,62.7,74.2,0.4,22.4,81.8,98.2
Lunglei ,Mizoram,91.6,4.8 ,82.7,(73.8),26.5 ,9.5 ,3.3 ,11.1 ,10.1 ,45.7 ,34.9,4.9,6.0,13.9,20.0,62.8,75.0,0.9,19.2,79.9,95.6
Lawngtlai ,Mizoram,76.0,16.0 ,53.7,70.2 ,32.7 ,16.2 ,11.4 ,16.9 ,9.1 ,55.3 ,48.5,4.3,5.5,13.0,20.3,65.4,77.2,0.9,27.2,56.3,90.3
Mon ,Nagaland,78.2,3.0 ,21.4,62.4 ,35.5 ,7.8 ,0.5 ,23.3 ,3.2 ,39.4 ,30.2,3.7,5.5,20.4,35.7,6.9,52.4,0.2,23.7,13.0,86.4
Mokokchung ,Nagaland,94.0,6.0 ,51.5,(92.0),31.4 ,11.7 ,3.5 ,22.9 ,5.9 ,35.5 ,25.0,3.8,5.5,23.2,28.9,22.2,53.0,0.4,23.4,46.2,96.7
Zunheboto ,Nagaland,87.1,4.0 ,35.0,(60.7),44.0 ,26.9 ,10.3 ,44.5 ,1.5 ,34.9 ,31.1,5.3,4.6,33.2,41.2,8.0,48.9,0.2,21.3,18.6,88.9
Wokha ,Nagaland,91.6,3.2 ,43.6,(42.8),26.3 ,23.5 ,10.6 ,28.0 ,1.1 ,45.4 ,30.9,5.8,8.2,24.3,35.7,12.9,50.4,1.1,27.2,41.2,88.5
Dimapur ,Nagaland,86.6,4.4 ,73.7,(55.9),28.3 ,25.0 ,12.0 ,29.8 ,3.8 ,48.9 ,34.7,4.7,7.4,18.6,20.8,16.4,44.0,1.7,25.7,84.2,81.1
Phek ,Nagaland,85.8,6.5 ,32.2,54.6 ,28.0 ,12.9 ,6.3 ,15.6 ,6.8 ,44.9 ,30.0,3.9,5.8,25.9,33.8,9.9,45.5,0.9,24.1,24.2,90.1
Tuensang ,Nagaland,77.8,10.4 ,34.8,39.9 ,37.1 ,24.6 ,10.3 ,34.2 ,5.5 ,38.8 ,28.8,1.9,3.4,20.4,24.3,14.9,50.2,0.6,18.5,19.7,92.0
Longleng ,Nagaland,82.0,11.0 ,38.7,53.0 ,34.1 ,19.8 ,9.6 ,25.7 ,6.8 ,40.4 ,34.6,3.8,4.7,22.6,30.0,7.9,54.0,0.5,24.0,11.8,86.6
Kiphire ,Nagaland,73.7,22.5 ,34.8,42.8 ,36.9 ,11.0 ,5.8 ,25.0 ,7.5 ,55.2 ,31.4,2.0,3.7,15.3,22.0,10.1,44.2,1.0,15.8,16.4,83.1
Kohima ,Nagaland,95.2,1.0 ,66.9,(82.8),28.3 ,26.9 ,11.4 ,22.1 ,6.6 ,38.4 ,14.9,2.8,3.8,25.7,31.1,14.4,47.9,1.2,27.4,61.7,87.4
Peren ,Nagaland,77.6,9.1 ,43.5,63.3 ,34.9 ,9.1 ,1.7 ,20.7 ,4.1 ,51.0 ,29.7,3.7,7.0,19.8,27.7,13.4,49.2,1.4,26.1,31.4,89.4
Central ,NCT of Delhi,84.7,11.2 ,92.2,(82.1),33.5 ,13.5 ,7.0 ,25.5 ,4.1 ,70.3 ,44.6,5.7,7.9,26.5,41.5,3.4,27.8,0.3,19.8,98.8,77.0
East ,NCT of Delhi,84.3,12.8 ,92.6,74.6 ,35.2 ,15.7 ,4.3 ,29.9 ,6.1 ,65.9 ,42.5,5.1,7.0,25.8,33.8,1.5,25.0,0.4,19.8,99.1,78.0
New Delhi ,NCT of Delhi,83.9,10.2 ,91.8,82.2 ,27.4 ,6.8 ,2.9 ,20.7 ,3.7 ,72.9 ,56.0,6.0,6.8,25.8,33.8,2.4,29.0,0.0,28.2,98.3,69.4
North ,NCT of Delhi,81.9,17.0 ,89.7,66.2 ,25.0 ,8.9 ,3.8 ,17.4 ,2.9 ,67.5 ,47.2,4.8,6.1,21.3,32.9,2.8,30.3,0.4,23.5,98.1,70.2
North East ,NCT of Delhi,85.1,5.0 ,89.2,86.4 ,38.7 ,8.8 ,3.8 ,21.8 ,6.2 ,62.5 ,45.9,7.5,9.6,27.2,37.0,3.1,24.1,0.2,14.6,99.7,89.5
North West ,NCT of Delhi,86.4,10.1 ,94.0,78.3 ,26.9 ,10.9 ,5.9 ,22.8 ,3.2 ,73.6 ,51.4,7.9,7.6,24.1,29.9,1.3,24.1,0.4,22.0,99.1,88.2
Shahdara ,NCT of Delhi,85.5,7.3 ,95.8,(82.5),32.9 ,21.2 ,11.5 ,30.2 ,3.7 ,71.4 ,49.2,6.4,6.3,26.1,35.0,1.8,24.6,0.7,18.1,99.8,83.4
South ,NCT of Delhi,86.6,6.6 ,82.0,(86.2),33.4 ,9.4 ,1.7 ,18.9 ,7.1 ,65.4 ,46.2,6.5,9.4,22.3,30.4,3.8,28.2,0.7,25.1,97.7,89.5
South East ,NCT of Delhi,86.8,7.5 ,96.1,(64.6),21.7 ,14.7 ,7.1 ,20.4 ,4.6 ,72.7 ,47.9,5.0,4.3,23.7,27.8,1.6,20.8,0.8,19.5,99.1,83.8
South West ,NCT of Delhi,88.3,7.5 ,92.5,(77.3),27.1 ,10.6 ,3.4 ,16.8 ,4.7 ,70.1 ,56.4,7.4,8.6,19.5,26.5,1.8,27.4,0.6,23.0,99.3,86.2
West ,NCT of Delhi,83.2,10.5 ,91.8,67.5 ,36.1 ,8.4 ,3.5 ,19.0 ,2.1 ,68.5 ,57.2,6.2,7.5,23.8,34.1,2.0,28.5,0.5,24.3,99.0,76.8
Bargarh ,Odisha,75.7,8.6 ,99.6,95.9 ,38.9 ,18.0 ,6.0 ,30.0 ,2.9 ,56.2 ,62.6,7.8,8.3,22.6,24.3,21.2,40.1,2.2,28.3,31.9,61.9
Jharsuguda ,Odisha,81.0,8.5 ,98.6,(97.6),27.1 ,16.9 ,3.5 ,26.9 ,3.1 ,65.5 ,67.8,8.6,12.1,20.4,25.3,20.6,45.9,2.3,30.4,41.8,70.0
Sambalpur ,Odisha,76.6,7.4 ,99.5,(98.0),40.7 ,25.5 ,7.6 ,36.3 ,3.7 ,64.5 ,66.7,4.4,6.4,22.2,24.5,22.4,50.8,7.6,40.0,42.6,62.4
Debagarh ,Odisha,69.5,19.2 ,91.2,(100.0),28.4 ,27.3 ,12.1 ,34.3 ,3.2 ,61.5 ,72.2,4.5,7.9,20.1,27.5,20.8,59.2,6.9,44.2,18.4,69.9
Sundargarh ,Odisha,74.1,12.9 ,91.3,(82.0),32.9 ,21.1 ,7.4 ,34.7 ,1.2 ,77.1 ,69.8,5.7,7.3,21.1,25.3,21.9,52.2,11.5,45.9,40.2,65.5
Kendujhar ,Odisha,67.0,29.0 ,80.4,86.0 ,36.2 ,23.8 ,6.2 ,37.1 ,0.9 ,64.6 ,69.2,4.7,7.7,24.1,25.1,34.9,64.2,13.6,43.2,27.9,47.6
Mayurbhanj ,Odisha,61.5,31.3 ,91.7,84.4 ,36.7 ,28.5 ,10.4 ,45.9 ,3.0 ,71.7 ,72.2,3.8,6.7,26.1,28.8,34.9,62.2,17.0,45.6,16.1,54.4
Baleshwar ,Odisha,76.5,26.4 ,97.6,94.1 ,24.4 ,15.0 ,5.4 ,22.6 ,3.8 ,43.2 ,61.8,5.1,7.4,22.9,29.5,29.8,44.9,4.3,20.2,28.4,70.9
Bhadrak ,Odisha,82.6,10.4 ,96.1,83.7 ,32.3 ,15.8 ,7.5 ,28.9 ,4.5 ,68.7 ,64.0,5.8,9.2,21.7,26.1,34.1,59.8,0.3,18.0,22.9,62.0
Kendrapara ,Odisha,86.7,9.4 ,96.7,(82.8),28.6 ,7.9 ,1.4 ,17.9 ,6.6 ,61.5 ,58.8,7.4,11.3,21.9,24.8,30.9,54.9,0.5,19.1,27.9,57.3
Jagatsinghapur ,Odisha,86.3,12.0 ,98.3,(91.3),13.2 ,10.7 ,5.6 ,11.0 ,8.3 ,58.2 ,59.8,9.1,11.6,26.2,30.2,25.7,51.1,0.4,19.1,30.5,60.1
Cuttack ,Odisha,83.2,14.2 ,98.9,(90.4),20.4 ,14.2 ,5.6 ,18.9 ,5.6 ,63.8 ,64.5,8.8,11.3,22.7,27.1,25.8,51.0,0.5,20.2,45.1,60.2
Jajapur ,Odisha,78.4,11.4 ,93.8,79.5 ,25.5 ,15.9 ,6.4 ,21.8 ,2.2 ,66.4 ,63.4,7.7,9.6,23.8,28.0,34.4,58.8,3.4,21.9,28.4,47.4
Dhenkanal ,Odisha,77.1,23.7 ,94.8,(88.6),33.3 ,22.7 ,5.4 ,30.0 ,6.8 ,62.0 ,65.9,7.1,10.8,25.3,26.0,28.2,56.0,2.6,29.6,28.8,58.2
Anugul ,Odisha,74.6,25.0 ,85.7,87.0 ,28.1 ,25.1 ,7.7 ,30.5 ,3.5 ,75.3 ,75.8,6.5,9.1,18.9,21.1,17.2,56.9,3.9,32.9,23.8,66.4
Nayagarh ,Odisha,81.9,35.7 ,98.3,(96.1),20.0 ,10.5 ,1.5 ,20.2 ,2.9 ,55.2 ,62.5,9.7,12.5,22.0,18.8,16.9,54.3,0.3,20.9,42.3,67.1
Khordha ,Odisha,85.7,17.1 ,97.8,(87.9),17.1 ,13.2 ,2.4 ,16.9 ,3.3 ,56.1 ,68.1,11.9,14.6,20.2,25.1,20.1,44.7,0.5,20.5,63.3,73.2
Puri ,Odisha,87.7,10.2 ,97.7,(95.8),13.8 ,8.9 ,1.5 ,11.3 ,3.8 ,51.0 ,63.3,10.6,12.3,20.8,23.3,25.5,52.6,0.0,19.4,34.4,67.3
Ganjam ,Odisha,71.9,22.3 ,93.0,88.5 ,23.9 ,10.2 ,1.5 ,18.9 ,4.9 ,61.3 ,56.7,8.3,11.4,23.4,29.7,17.9,45.1,0.2,23.5,63.7,72.9
Gajapati ,Odisha,50.5,28.1 ,76.4,92.6 ,43.4 ,16.1 ,4.3 ,34.3 ,6.1 ,64.4 ,66.1,4.8,4.5,19.7,24.9,16.5,36.2,5.4,28.8,28.9,58.3
Kandhamal ,Odisha,70.3,20.0 ,93.9,96.8 ,34.2 ,23.3 ,12.4 ,35.2 ,2.4 ,55.3 ,48.9,5.2,4.9,24.4,24.8,25.5,52.0,1.5,31.3,24.1,52.4
Baudh ,Odisha,71.0,25.3 ,93.4,91.8 ,37.0 ,20.1 ,6.9 ,38.6 ,1.6 ,56.2 ,54.1,5.2,7.1,20.9,24.0,19.1,42.7,0.9,25.1,30.9,52.9
Subarnapur ,Odisha,79.2,16.9 ,96.1,98.0 ,29.6 ,26.0 ,11.7 ,34.5 ,3.1 ,73.1 ,58.8,5.9,5.6,22.4,20.5,17.9,39.4,0.8,21.5,41.6,66.7
Balangir ,Odisha,69.8,14.0 ,97.9,(95.8),32.7 ,25.5 ,12.7 ,37.6 ,2.1 ,74.9 ,59.4,4.7,6.6,20.1,24.4,23.7,44.2,0.8,27.6,32.6,66.3
Nuapada ,Odisha,57.2,15.6 ,89.8,97.0 ,43.1 ,18.1 ,3.7 ,38.0 ,3.7 ,73.5 ,64.0,4.7,5.2,21.4,23.6,23.7,48.6,0.9,34.6,23.2,58.4
Kalahandi ,Odisha,63.8,16.3 ,92.8,(91.3),33.0 ,17.2 ,6.0 ,33.6 ,2.1 ,68.8 ,64.2,6.0,6.9,26.4,26.2,23.2,50.5,0.8,30.1,28.9,64.4
Rayagada ,Odisha,45.1,33.2 ,68.9,92.7 ,43.6 ,16.1 ,3.6 ,39.8 ,0.6 ,70.5 ,69.1,5.4,8.4,19.5,25.1,29.1,47.0,4.9,32.5,30.2,50.5
Nabarangapur ,Odisha,41.0,39.4 ,87.6,94.8 ,44.1 ,25.2 ,9.7 ,46.6 ,5.0 ,70.8 ,69.3,2.9,4.9,20.8,22.6,34.4,61.2,6.0,36.2,19.0,44.1
Koraput ,Odisha,41.7,35.5 ,82.1,98.0 ,43.1 ,15.9 ,6.8 ,33.5 ,3.7 ,69.7 ,58.2,2.9,5.3,21.1,24.5,32.7,58.0,11.5,37.3,31.5,39.4
Malkangiri ,Odisha,41.3,32.4 ,90.7,94.8 ,44.3 ,19.3 ,5.5 ,41.6 ,1.0 ,78.7 ,71.9,3.6,6.0,17.1,20.7,33.5,54.9,18.4,42.1,20.9,41.4
Yanam ,Puducherry,83.3,15.9 ,100.0,(79.7),25.0 ,12.4 ,4.3 ,18.7 ,6.9 ,39.7 ,43.1,13.2,14.0,32.2,33.3,0.8,10.3,0.2,18.8,98.6,84.1
Puducherry ,Puducherry,91.7,5.7 ,99.5,(80.1),17.0 ,11.6 ,3.7 ,13.1 ,3.4 ,66.3 ,56.8,9.1,11.8,22.7,31.1,2.1,14.0,0.3,27.3,95.0,84.6
Mahe ,Puducherry,99.7,2.8 ,100.0,(95.3),48.2 ,7.3 ,1.2 ,32.6 ,2.6 ,36.9 ,38.4,9.2,10.5,33.3,37.7,1.0,12.6,0.6,23.2,90.9,99.8
Karaikal ,Puducherry,89.6,7.2 ,99.6,(88.9),25.5 ,15.3 ,3.8 ,19.7 ,4.3 ,65.5 ,54.4,13.0,13.5,20.5,24.4,5.1,19.5,0.0,32.4,81.2,84.3
Kapurthala ,Punjab,85.3,6.9 ,95.0,65.7 ,24.6 ,12.8 ,9.1 ,19.2 ,4.9 ,68.7 ,54.5,8.4,7.4,32.3,36.2,0.2,11.6,0.2,22.3,84.2,87.7
Jalandhar ,Punjab,88.1,7.4 ,92.3,(91.3),24.8 ,10.3 ,4.4 ,16.7 ,1.8 ,69.2 ,57.0,10.7,7.4,32.5,37.5,0.7,11.3,0.3,22.5,82.3,88.2
Hoshiarpur ,Punjab,92.8,4.7 ,98.3,(92.9),19.3 ,11.5 ,2.5 ,12.4 ,3.8 ,69.6 ,54.1,6.5,5.8,35.9,43.0,0.2,10.1,0.3,16.4,77.3,89.7
Shahid Bhagat Singh Nagar ,Punjab,89.9,6.4 ,99.3,(100.0),17.9 ,12.0 ,5.9 ,11.2 ,6.6 ,63.9 ,49.8,6.3,6.9,32.7,42.8,0.2,10.9,0.2,18.7,76.4,91.3
Fatehgarh Sahib ,Punjab,87.2,7.3 ,96.6,83.6 ,30.0 ,7.1 ,2.3 ,18.2 ,4.6 ,61.5 ,65.1,9.4,8.2,31.8,35.1,0.2,12.3,0.1,23.6,74.3,87.6
Ludhiana ,Punjab,85.3,6.5 ,90.1,(73.2),22.1 ,5.9 ,1.0 ,12.4 ,6.4 ,77.9 ,64.3,7.6,8.6,26.3,32.2,0.5,13.5,0.3,20.8,83.2,84.6
Moga ,Punjab,76.0,13.1 ,93.0,(80.6),22.0 ,12.0 ,3.1 ,16.8 ,4.9 ,70.3 ,54.4,8.0,6.0,31.2,35.3,0.3,16.9,0.5,30.4,71.5,87.8
Muktsar ,Punjab,72.7,8.6 ,96.4,(57.6),35.0 ,13.6 ,6.5 ,30.7 ,2.8 ,69.0 ,61.0,6.6,5.3,24.4,32.0,0.4,20.8,0.3,32.0,72.9,82.9
Faridkot ,Punjab,75.3,11.9 ,94.3,70.8 ,28.1 ,10.3 ,2.8 ,20.7 ,2.7 ,76.1 ,63.2,9.1,7.7,26.1,35.4,0.1,18.6,0.2,27.6,79.1,87.5
Bathinda ,Punjab,72.5,14.2 ,93.1,(66.5),23.0 ,15.4 ,4.8 ,23.8 ,1.2 ,69.6 ,59.7,6.9,7.1,32.2,45.1,1.0,20.3,0.5,30.1,78.1,88.4
Mansa ,Punjab,69.4,11.5 ,88.8,79.1 ,36.6 ,12.1 ,3.4 ,22.7 ,3.1 ,78.2 ,60.4,5.7,5.8,30.2,42.2,0.4,16.9,0.3,28.4,52.3,85.4
Patiala ,Punjab,78.6,7.8 ,97.3,(74.7),20.3 ,9.9 ,1.8 ,16.9 ,0.4 ,76.7 ,65.3,10.1,8.1,28.7,34.3,0.3,11.2,0.4,21.9,80.4,88.1
Amritsar ,Punjab,81.7,9.2 ,95.9,(65.8),19.4 ,11.9 ,6.3 ,11.2 ,6.3 ,73.6 ,52.1,7.3,6.4,35.9,43.0,0.2,8.2,0.1,18.3,82.9,86.0
Tarn Taran ,Punjab,68.6,10.7 ,96.0,81.8 ,23.8 ,11.3 ,3.6 ,14.4 ,4.5 ,70.5 ,61.7,6.8,5.3,31.1,36.1,0.1,6.8,0.5,23.4,66.2,82.0
Rupnagar ,Punjab,88.9,2.4 ,97.8,(76.5),15.1 ,9.1 ,3.2 ,15.3 ,2.5 ,65.5 ,64.5,11.2,11.0,27.2,31.9,0.5,11.5,0.3,20.0,63.9,84.0
Sahibzada Ajit Singh Nagar ,Punjab,86.7,10.6 ,97.4,71.1 ,26.2 ,10.7 ,2.3 ,23.0 ,4.6 ,63.7 ,59.5,9.5,9.9,27.7,34.0,0.5,12.3,0.6,20.9,88.9,87.6
Sangrur ,Punjab,79.8,8.0 ,94.7,(89.6),23.4 ,10.4 ,3.8 ,18.1 ,2.7 ,66.9 ,52.6,7.0,6.5,32.9,41.8,0.6,12.7,0.3,22.0,69.8,92.4
Barnala ,Punjab,78.8,12.8 ,96.7,68.5 ,33.8 ,9.4 ,2.4 ,16.5 ,6.1 ,60.6 ,55.2,8.4,6.9,32.8,40.0,0.3,14.0,0.3,28.5,73.5,90.7
Fazilka ,Punjab,72.8,12.4 ,91.7,(60.5),35.9 ,9.5 ,3.7 ,20.2 ,4.2 ,70.0 ,66.9,6.8,7.2,27.9,36.2,0.4,17.5,0.3,20.8,57.1,81.8
Firozpur ,Punjab,75.7,10.5 ,95.5,74.5 ,30.0 ,12.9 ,2.2 ,22.0 ,2.9 ,73.4 ,61.5,6.9,6.0,29.7,33.9,0.1,12.6,0.3,26.4,68.6,84.8
Gurdaspur ,Punjab,84.4,6.5 ,92.4,80.0 ,25.1 ,9.5 ,4.5 ,15.3 ,6.5 ,70.1 ,55.2,8.4,6.3,36.8,39.2,0.4,7.9,0.6,21.3,81.3,85.4
Pathankot ,Punjab,90.5,4.6 ,94.8,(77.4),22.1 ,10.3 ,2.9 ,10.8 ,7.8 ,68.3 ,55.0,9.3,4.5,33.0,32.5,0.4,15.8,0.3,24.3,79.8,79.2
Ganganagar ,Rajasthan,71.0,13.6 ,97.7,89.7 ,24.5 ,24.9 ,10.8 ,26.1 ,4.5 ,72.3 ,59.0,5.1,3.8,16.2,18.3,2.1,29.0,0.5,15.6,45.5,83.4
Hanumangarh ,Rajasthan,69.7,18.6 ,94.9,83.3 ,24.2 ,19.8 ,9.0 ,21.3 ,3.9 ,81.0 ,60.3,3.0,4.1,20.0,22.6,1.5,36.1,0.1,13.0,36.2,83.8
Bikaner ,Rajasthan,64.3,33.3 ,90.0,75.6 ,22.8 ,25.6 ,12.6 ,28.5 ,3.4 ,82.4 ,58.9,2.7,2.8,12.0,11.8,3.4,38.0,0.4,8.8,51.4,79.8
Churu ,Rajasthan,66.0,27.9 ,87.8,74.3 ,27.1 ,16.5 ,5.2 ,23.4 ,4.0 ,78.1 ,52.9,2.6,4.0,21.2,25.4,5.0,39.9,0.4,9.1,40.6,80.2
Jhunjhunun ,Rajasthan,76.1,18.1 ,97.1,88.7 ,20.9 ,13.9 ,9.1 ,19.6 ,5.9 ,77.2 ,55.4,2.9,3.7,20.7,25.6,5.9,39.9,0.7,12.4,55.5,79.0
Alwar ,Rajasthan,65.6,32.2 ,91.3,59.4 ,33.9 ,15.6 ,7.1 ,24.0 ,4.1 ,63.2 ,53.2,1.7,3.4,20.3,25.8,9.7,42.5,0.3,13.3,34.9,66.0
Bharatpur ,Rajasthan,63.1,33.5 ,92.1,64.1 ,40.3 ,12.2 ,4.3 ,29.1 ,5.1 ,75.7 ,60.8,3.2,3.7,19.1,23.6,10.5,47.5,0.2,12.1,24.3,62.7
Dhaulpur ,Rajasthan,59.9,29.6 ,94.4,85.9 ,45.7 ,13.7 ,6.3 ,31.3 ,5.6 ,81.7 ,68.5,2.6,3.0,13.4,15.1,9.9,48.0,0.2,9.9,36.5,57.5
Karauli ,Rajasthan,54.8,33.5 ,97.6,88.9 ,37.6 ,26.6 ,10.6 ,37.3 ,2.3 ,75.9 ,61.5,2.0,2.4,10.6,13.2,17.3,51.6,0.4,7.0,24.2,49.9
Sawai Madhopur ,Rajasthan,57.4,35.4 ,97.4,54.9 ,26.9 ,22.0 ,11.1 ,24.2 ,3.4 ,73.3 ,57.5,2.0,2.8,15.4,19.8,13.9,47.1,0.6,7.3,29.1,71.2
Dausa ,Rajasthan,62.2,26.3 ,98.2,92.1 ,37.7 ,20.7 ,9.7 ,33.5 ,2.2 ,74.4 ,60.3,2.6,2.6,12.2,16.1,15.8,47.5,0.2,7.2,22.6,59.4
Jaipur ,Rajasthan,73.8,23.1 ,97.3,89.3 ,25.0 ,14.6 ,4.2 ,20.8 ,2.0 ,71.3 ,54.1,2.9,2.8,14.7,16.5,6.3,33.1,0.2,7.7,60.1,79.6
Sikar ,Rajasthan,73.3,18.0 ,95.8,70.0 ,23.1 ,12.8 ,6.3 ,18.3 ,4.1 ,61.5 ,44.0,2.6,2.7,19.4,22.0,7.0,35.1,0.2,9.8,58.4,77.9
Nagaur ,Rajasthan,67.8,28.2 ,97.0,80.6 ,31.5 ,16.2 ,8.8 ,26.2 ,3.7 ,65.1 ,45.3,3.1,3.1,15.6,17.5,5.9,44.0,0.3,7.5,45.7,79.0
Jodhpur ,Rajasthan,68.2,28.1 ,90.0,81.2 ,32.6 ,13.3 ,6.0 ,25.4 ,5.5 ,64.4 ,43.4,2.2,2.4,13.1,16.5,6.9,43.6,0.2,7.5,56.1,75.4
Jaisalmer ,Rajasthan,63.5,28.9 ,90.0,72.0 ,25.5 ,25.0 ,13.8 ,31.7 ,2.7 ,58.6 ,44.4,2.0,3.2,9.7,15.8,5.0,44.9,0.1,10.5,30.9,75.7
Barmer ,Rajasthan,67.6,20.2 ,93.3,92.9 ,39.1 ,11.5 ,6.2 ,31.7 ,2.2 ,67.1 ,49.4,3.6,4.2,8.5,10.9,3.9,49.1,0.4,11.4,26.8,83.6
Jalor ,Rajasthan,62.6,23.3 ,95.5,78.0 ,44.3 ,12.1 ,4.8 ,36.5 ,3.0 ,66.3 ,59.9,4.4,4.3,10.4,11.5,6.5,44.2,0.5,9.9,36.5,77.4
Sirohi ,Rajasthan,62.2,18.0 ,95.7,86.4 ,30.7 ,16.4 ,8.8 ,31.2 ,2.5 ,75.8 ,64.0,1.7,2.9,14.2,18.7,8.7,39.9,0.3,13.5,46.0,54.1
Pali ,Rajasthan,76.3,11.8 ,98.8,90.2 ,35.9 ,18.3 ,9.4 ,35.9 ,0.9 ,72.6 ,58.8,3.6,5.1,13.0,16.5,4.6,40.1,0.1,9.0,53.1,81.8
Ajmer ,Rajasthan,70.2,20.2 ,95.1,78.9 ,22.3 ,20.0 ,11.7 ,23.1 ,2.8 ,76.3 ,52.7,2.9,3.7,14.5,13.1,4.1,38.6,0.2,12.4,52.9,77.5
Tonk ,Rajasthan,56.4,37.2 ,97.4,75.3 ,33.1 ,18.1 ,10.3 ,28.2 ,4.8 ,64.6 ,52.8,2.4,2.9,16.7,20.1,8.6,47.6,0.5,12.1,24.1,66.2
Bundi ,Rajasthan,57.9,34.1 ,95.3,75.7 ,30.0 ,19.6 ,6.2 ,29.1 ,1.0 ,74.9 ,55.9,2.0,4.0,17.2,19.0,13.8,52.8,0.5,11.5,26.5,56.3
Bhilwara ,Rajasthan,58.1,41.8 ,95.0,83.2 ,22.6 ,17.4 ,8.5 ,23.5 ,2.7 ,62.7 ,50.4,2.4,4.1,15.4,15.7,4.2,41.9,0.4,11.5,26.5,62.3
Rajsamand ,Rajasthan,69.7,27.5 ,95.1,71.7 ,30.3 ,16.6 ,10.2 ,23.7 ,4.5 ,84.3 ,58.4,2.2,2.4,15.1,15.4,4.8,44.6,0.1,11.6,37.1,72.1
Dungarpur ,Rajasthan,68.2,16.9 ,94.1,83.3 ,31.4 ,15.6 ,4.4 ,25.9 ,2.5 ,79.8 ,72.6,4.0,5.7,12.9,14.9,3.6,40.8,0.3,11.4,27.3,59.9
Banswara ,Rajasthan,54.8,25.0 ,97.7,83.0 ,44.6 ,17.3 ,7.5 ,38.7 ,2.1 ,82.1 ,52.8,3.1,4.4,17.1,19.4,5.8,38.7,0.8,18.1,21.1,40.8
Chittaurgarh ,Rajasthan,57.5,42.6 ,96.8,87.8 ,31.4 ,14.6 ,4.9 ,25.9 ,1.0 ,72.4 ,45.1,2.9,4.0,18.3,21.1,3.7,44.4,0.5,10.5,31.3,63.8
Kota ,Rajasthan,77.9,13.2 ,97.9,84.4 ,29.5 ,20.8 ,7.9 ,26.4 ,3.3 ,66.7 ,51.8,1.8,2.1,15.9,20.2,9.2,43.2,0.3,12.6,72.3,79.0
Baran ,Rajasthan,59.7,26.8 ,97.3,89.3 ,46.0 ,21.3 ,9.0 ,40.2 ,3.2 ,65.1 ,60.1,2.1,2.5,12.6,15.6,19.3,57.0,0.8,16.2,39.6,59.0
Jhalawar ,Rajasthan,56.3,37.8 ,98.3,81.5 ,34.0 ,29.0 ,14.0 ,38.1 ,1.4 ,73.1 ,51.5,2.7,2.0,15.0,17.3,9.8,55.4,0.4,15.1,33.8,62.1
Udaipur ,Rajasthan,64.2,18.2 ,96.1,86.8 ,34.0 ,8.6 ,3.1 ,26.6 ,1.8 ,76.9 ,60.5,2.8,3.3,14.4,16.5,4.5,42.5,0.3,14.4,34.3,60.3
Pratapgarh ,Rajasthan,55.4,30.9 ,96.4,75.8 ,29.0 ,24.9 ,11.5 ,31.8 ,2.9 ,65.8 ,53.1,1.7,3.5,16.5,18.7,2.7,37.8,0.4,18.0,23.0,46.3
North  District ,Sikkim,81.4,16.0 ,97.3,(90.8),31.8 ,4.5 ,2.9 ,15.3 ,14.1 ,53.5 ,36.7,4.7,6.5,39.0,47.7,9.9,35.4,22.7,43.5,65.9,83.8
West District ,Sikkim,85.7,14.1 ,99.3,(96.9),25.2 ,21.1 ,12.2 ,19.3 ,6.5 ,67.1 ,42.7,3.7,6.1,32.7,45.1,8.9,44.9,20.5,50.9,69.8,88.9
South District ,Sikkim,90.5,9.9 ,97.4,(86.4),24.8 ,8.0 ,4.0 ,7.2 ,16.6 ,56.5 ,39.8,4.0,6.0,41.0,49.6,15.8,47.4,15.0,38.1,66.5,91.7
East District ,Sikkim,90.1,9.4 ,91.8,*,17.8 ,14.3 ,5.6 ,13.0 ,6.5 ,49.8 ,43.3,5.5,8.1,31.6,34.2,11.2,37.9,14.5,35.9,87.6,85.0
Thiruvallur ,Tamil Nadu,85.9,13.4 ,100.0,(88.6),18.1 ,17.0 ,3.6 ,20.6 ,2.1 ,58.4 ,56.8,12.1,14.1,26.4,32.4,1.7,18.3,0.1,26.7,93.4,75.6
Chennai ,Tamil Nadu,96.1,1.9 ,100.0,(96.6),20.4 ,18.3 ,7.6 ,21.9 ,9.4 ,55.3 ,50.3,14.2,8.4,28.8,33.2,0.7,8.9,0.1,16.1,97.7,90.4
Kancheepuram ,Tamil Nadu,84.5,10.0 ,100.0,(69.1),20.6 ,15.7 ,6.9 ,19.8 ,3.0 ,68.8 ,57.0,13.2,15.1,24.3,32.0,4.5,17.5,0.8,28.9,88.1,75.9
Vellore ,Tamil Nadu,84.7,14.9 ,99.5,92.7 ,29.8 ,13.1 ,2.5 ,19.7 ,4.2 ,60.9 ,50.6,11.1,12.4,25.9,25.6,4.3,14.4,0.3,23.0,85.3,76.2
Tiruvannamalai ,Tamil Nadu,81.7,11.6 ,99.1,(97.1),30.6 ,14.8 ,4.0 ,25.0 ,3.3 ,64.7 ,56.6,10.1,12.1,19.2,25.8,4.8,17.2,0.2,24.2,70.7,61.7
Viluppuram ,Tamil Nadu,77.8,19.0 ,99.1,(88.5),23.9 ,12.4 ,3.4 ,20.5 ,0.0 ,73.4 ,62.5,9.2,11.7,19.0,26.1,8.8,25.1,0.2,38.1,68.6,53.8
Salem ,Tamil Nadu,83.2,23.7 ,100.0,(77.0),23.6 ,10.1 ,4.3 ,20.8 ,6.3 ,51.3 ,46.3,8.3,11.2,26.6,34.0,6.5,23.5,0.2,24.1,84.5,64.5
Namakkal ,Tamil Nadu,88.9,14.2 ,100.0,(83.9),25.2 ,10.3 ,4.3 ,15.7 ,6.3 ,67.9 ,51.9,9.9,12.4,25.6,31.5,6.6,19.8,0.1,27.1,89.7,75.2
Erode ,Tamil Nadu,83.1,13.7 ,100.0,(95.9),19.4 ,20.9 ,11.2 ,26.9 ,2.8 ,46.5 ,55.4,8.3,6.9,29.5,36.1,11.1,26.2,0.1,23.5,95.9,67.6
The Nilgiris ,Tamil Nadu,90.6,11.1 ,100.0,(90.1),26.7 ,17.3 ,7.7 ,23.2 ,8.5 ,45.9 ,44.2,6.5,5.9,34.2,32.9,6.8,21.5,1.1,25.9,81.5,83.6
Dindigul ,Tamil Nadu,81.0,20.5 ,97.0,92.6 ,27.1 ,21.1 ,8.2 ,28.4 ,2.2 ,50.2 ,42.6,12.1,12.0,25.7,34.2,6.5,27.7,0.1,26.0,76.3,61.0
Karur ,Tamil Nadu,80.5,13.3 ,100.0,(82.5),33.6 ,18.4 ,8.7 ,36.3 ,2.4 ,73.2 ,65.0,12.7,16.2,24.1,29.1,5.9,25.5,0.4,29.0,72.5,63.6
Tiruchirappalli ,Tamil Nadu,84.8,13.5 ,98.6,(97.1),27.6 ,20.9 ,8.6 ,27.4 ,3.1 ,82.3 ,62.4,12.6,14.9,21.4,28.9,3.5,19.8,0.4,25.7,71.2,67.1
Perambalur ,Tamil Nadu,83.0,21.4 ,100.0,(92.5),29.1 ,15.9 ,4.2 ,22.3 ,2.9 ,69.2 ,66.1,10.3,13.7,19.8,26.1,5.5,20.3,0.2,29.1,75.1,57.4
Ariyalur ,Tamil Nadu,77.4,12.4 ,100.0,(90.8),25.3 ,15.1 ,4.4 ,20.1 ,1.6 ,62.0 ,62.4,11.7,13.9,20.6,27.5,8.7,20.7,0.1,28.1,46.7,54.6
Cuddalore ,Tamil Nadu,80.5,12.6 ,99.2,(79.0),20.2 ,13.9 ,4.0 ,18.0 ,1.6 ,64.8 ,58.6,11.0,11.5,20.1,27.0,7.5,24.4,0.6,32.6,75.6,61.3
Nagapattinam ,Tamil Nadu,89.3,6.3 ,99.7,(93.8),32.3 ,12.5 ,4.7 ,24.3 ,0.8 ,60.9 ,62.6,11.4,11.3,24.5,32.1,10.4,24.9,0.3,34.3,59.0,69.6
Thiruvarur ,Tamil Nadu,91.2,9.1 ,100.0,(97.1),19.8 ,18.4 ,6.8 ,21.5 ,3.0 ,45.0 ,58.2,14.4,15.4,23.8,31.0,11.5,24.3,0.4,32.2,58.9,71.0
Thanjavur ,Tamil Nadu,86.4,4.1 ,100.0,(78.5),19.6 ,8.3 ,3.7 ,21.9 ,4.9 ,64.8 ,59.0,12.9,18.4,28.8,34.6,7.6,22.4,0.5,30.0,69.4,79.6
Pudukkottai ,Tamil Nadu,83.7,11.6 ,100.0,83.3 ,32.2 ,9.5 ,1.6 ,21.6 ,2.8 ,71.1 ,62.5,9.4,13.8,23.0,30.2,7.6,28.3,0.8,31.7,42.0,55.2
Sivaganga ,Tamil Nadu,88.0,4.5 ,100.0,(89.4),27.6 ,22.8 ,11.6 ,28.4 ,9.1 ,56.4 ,51.5,11.6,15.2,22.0,26.0,2.4,17.5,0.4,23.0,75.2,74.4
Madurai ,Tamil Nadu,87.3,11.5 ,100.0,(88.8),32.4 ,9.5 ,3.9 ,21.5 ,4.7 ,54.3 ,48.0,11.0,11.3,25.6,31.8,0.8,20.3,0.4,24.5,91.2,80.1
Theni ,Tamil Nadu,86.9,16.0 ,100.0,95.2 ,20.2 ,15.5 ,6.6 ,18.8 ,4.2 ,46.8 ,41.2,12.6,12.5,28.7,35.6,4.3,21.3,0.3,23.0,89.9,74.4
Virudhunagar ,Tamil Nadu,85.3,15.5 ,97.8,(76.7),29.2 ,14.4 ,7.6 ,23.7 ,6.8 ,58.9 ,56.9,10.3,10.6,20.2,22.9,1.8,18.8,0.5,22.8,90.5,59.8
Ramanathapuram ,Tamil Nadu,86.1,14.7 ,99.6,90.4 ,26.4 ,17.7 ,6.0 ,21.6 ,6.3 ,57.2 ,53.6,7.7,10.7,23.3,28.2,1.1,22.8,0.6,29.9,82.7,78.6
Thoothukkudi ,Tamil Nadu,90.3,8.9 ,100.0,(100.0),20.3 ,18.4 ,7.7 ,21.0 ,6.7 ,55.6 ,55.9,11.5,13.8,24.5,28.2,1.4,18.5,0.3,21.6,90.7,79.4
Tirunelveli ,Tamil Nadu,87.3,10.7 ,100.0,(93.3),29.4 ,12.0 ,3.1 ,22.7 ,3.7 ,49.9 ,51.0,12.4,13.4,22.1,25.5,0.7,16.3,0.0,17.3,87.9,79.8
Kanniyakumari ,Tamil Nadu,98.0,4.3 ,100.0,(96.0),17.3 ,11.4 ,2.7 ,14.5 ,2.8 ,39.1 ,45.6,18.0,14.9,24.4,30.2,1.0,11.0,0.2,14.8,74.4,96.2
Dharmapuri ,Tamil Nadu,80.6,16.7 ,99.6,90.6 ,28.7 ,16.9 ,6.5 ,23.2 ,8.9 ,54.2 ,42.5,8.4,7.6,25.8,30.8,7.9,24.6,0.7,26.8,82.5,72.4
Krishnagiri ,Tamil Nadu,79.9,20.3 ,99.6,87.3 ,29.0 ,10.4 ,4.7 ,19.3 ,10.1 ,46.5 ,44.0,7.8,7.4,23.5,25.3,8.2,20.3,0.2,22.7,86.0,75.9
Coimbatore ,Tamil Nadu,90.6,19.8 ,100.0,(94.5),23.0 ,7.0 ,2.7 ,18.5 ,4.2 ,37.8 ,48.9,10.3,9.0,29.2,33.3,5.5,21.4,0.5,22.9,95.5,78.5
Tiruppur ,Tamil Nadu,87.5,10.5 ,100.0,*,21.5 ,15.3 ,10.3 ,23.1 ,6.2 ,44.8 ,55.2,11.0,11.0,26.8,28.9,5.7,22.8,0.1,26.2,95.4,75.9
Adilabad ,Telangana,64.8,21.4 ,94.1,69.3 ,45.7 ,29.5 ,12.9 ,52.0 ,2.9 ,76.3 ,61.1,4.5,5.8,23.1,26.4,11.0,29.7,2.1,28.3,81.6,50.8
Bhadradri Kothagudem ,Telangana,68.7,20.8 ,97.4,80.4 ,28.4 ,21.8 ,9.0 ,25.3 ,3.7 ,69.3 ,68.7,7.5,10.0,29.6,30.1,4.7,28.4,2.9,38.8,89.2,75.3
Hyderabad ,Telangana,83.6,10.6 ,98.3,(73.8),30.4 ,17.7 ,8.0 ,18.9 ,4.3 ,63.6 ,52.7,11.4,16.7,30.2,41.7,1.7,12.4,0.7,28.0,99.5,84.4
Jagitial ,Telangana,62.4,28.4 ,94.4,(77.7),29.9 ,17.5 ,8.4 ,32.3 ,5.5 ,59.9 ,56.3,6.1,8.4,25.5,31.3,11.2,23.5,2.6,47.6,94.7,76.5
Jangoan ,Telangana,65.5,20.3 ,99.6,(84.2),33.4 ,22.9 ,10.1 ,30.9 ,6.4 ,69.5 ,57.5,6.9,8.8,26.1,29.0,4.1,27.1,11.3,60.6,91.1,84.3
Jayashankar Bhupalapally ,Telangana,58.9,24.9 ,99.5,(87.9),32.5 ,31.8 ,14.6 ,36.7 ,1.4 ,67.9 ,65.9,7.1,6.3,28.4,31.5,5.6,27.4,4.3,53.1,90.3,65.6
Jogulamba Gadwal ,Telangana,45.0,34.6 ,94.2,86.9 ,49.7 ,17.3 ,4.9 ,41.7 ,2.8 ,82.4 ,64.6,4.9,7.7,21.5,29.7,9.7,23.7,7.1,34.6,86.1,73.7
Kamareddy ,Telangana,58.6,30.8 ,97.1,75.5 ,33.4 ,34.5 ,17.9 ,43.9 ,3.1 ,71.6 ,58.9,5.8,8.9,27.7,29.1,5.6,25.7,16.7,41.8,82.3,68.2
Karimnagar ,Telangana,70.3,11.9 ,98.4,(73.4),30.3 ,13.9 ,4.8 ,27.5 ,5.9 ,70.8 ,61.1,8.5,10.9,25.0,34.7,5.7,19.3,5.6,49.8,94.9,78.8
Khammam ,Telangana,66.3,35.0 ,97.9,(86.6),22.2 ,24.7 ,15.0 ,26.2 ,6.0 ,60.5 ,62.4,8.3,9.0,27.6,30.8,2.0,19.5,1.3,31.8,97.1,84.5
Komaram Bheem Asifabad ,Telangana,51.7,25.0 ,82.0,76.2 ,38.1 ,35.7 ,14.4 ,41.1 ,2.7 ,70.7 ,67.3,3.8,4.8,21.8,27.2,12.8,37.7,3.0,38.4,85.8,54.0
Mahabubabad ,Telangana,58.0,28.3 ,97.7,(76.1),33.0 ,19.3 ,5.2 ,26.3 ,3.6 ,81.1 ,62.8,5.6,8.4,21.9,28.8,5.0,28.1,12.6,56.5,86.6,68.6
Mahabubnagar ,Telangana,59.6,23.4 ,98.1,89.4 ,42.6 ,17.8 ,8.7 ,33.0 ,4.1 ,82.6 ,54.7,4.7,7.0,24.2,26.5,7.5,25.3,8.0,42.9,85.9,73.7
Mancherial ,Telangana,69.5,14.0 ,90.1,(76.0),25.9 ,22.1 ,10.0 ,27.4 ,3.4 ,58.7 ,56.7,6.0,7.1,27.9,32.0,6.5,22.4,1.9,44.1,93.1,78.1
Medak ,Telangana,57.7,31.8 ,98.9,(69.3),36.4 ,21.3 ,3.5 ,42.0 ,1.1 ,70.0 ,54.4,7.0,10.9,26.7,28.9,6.4,26.2,23.8,54.0,80.1,78.2
Medchal-Malkajgiri ,Telangana,79.5,10.2 ,98.3,(76.1),33.4 ,12.0 ,5.0 ,25.0 ,1.2 ,73.8 ,56.8,10.2,10.0,26.5,34.8,3.0,17.9,2.4,39.3,99.0,86.2
Nagarkurnool ,Telangana,57.1,32.1 ,98.0,81.1 ,35.1 ,27.3 ,7.0 ,30.9 ,2.5 ,75.1 ,54.0,6.4,6.8,24.6,27.3,6.2,30.8,11.8,55.5,87.3,73.2
Nalgonda ,Telangana,62.6,28.2 ,98.3,(78.3),31.7 ,29.8 ,14.5 ,28.0 ,1.7 ,74.5 ,54.3,6.5,8.3,19.6,25.7,4.0,24.3,7.4,51.4,94.6,76.4
Nirmal ,Telangana,58.6,23.3 ,96.7,(75.3),31.7 ,18.1 ,6.6 ,33.4 ,1.4 ,65.3 ,57.7,5.2,7.6,25.1,28.5,13.0,29.0,3.5,43.9,88.8,63.6
Nizamabad ,Telangana,63.1,23.7 ,97.3,86.1 ,30.5 ,26.2 ,4.3 ,38.4 ,2.8 ,65.3 ,57.0,6.1,7.7,27.1,31.2,8.6,20.6,9.8,40.2,92.4,72.5
Peddapalli ,Telangana,73.7,13.6 ,96.5,(73.1),27.5 ,28.8 ,15.6 ,33.1 ,1.6 ,69.6 ,64.6,7.5,7.7,27.7,34.7,4.6,21.6,4.2,47.5,96.6,77.8
Rajanna Sircilla ,Telangana,64.7,13.2 ,97.6,84.1 ,22.4 ,19.4 ,8.9 ,26.1 ,2.3 ,65.7 ,56.0,5.1,11.4,30.2,36.0,8.5,19.4,6.1,49.9,96.6,77.4
Ranga Reddy ,Telangana,72.1,29.0 ,97.2,85.8 ,37.8 ,13.9 ,5.1 ,29.5 ,4.0 ,75.8 ,53.2,8.3,11.0,28.5,35.0,4.5,18.9,6.7,46.8,97.0,81.1
Sangareddy ,Telangana,63.6,30.6 ,93.0,78.5 ,32.9 ,25.0 ,5.9 ,35.1 ,3.0 ,67.0 ,48.3,5.3,8.7,25.7,32.6,5.4,27.3,11.2,39.7,81.1,68.0
Siddipet ,Telangana,71.0,19.0 ,99.7,(63.1),28.1 ,19.3 ,4.7 ,29.6 ,1.5 ,63.5 ,56.7,8.4,10.4,26.6,36.9,5.2,23.2,8.3,50.3,93.2,84.1
Suryapet ,Telangana,63.5,29.5 ,95.9,(70.4),29.1 ,24.9 ,8.8 ,30.1 ,2.8 ,76.6 ,57.5,8.2,12.2,25.2,27.3,3.0,20.8,6.1,46.7,94.5,77.9
Vikarabad ,Telangana,59.3,39.8 ,95.0,86.2 ,32.1 ,20.0 ,5.8 ,37.1 ,0.8 ,70.0 ,61.0,4.1,7.5,27.0,30.3,11.6,29.2,17.0,44.7,76.0,66.7
Wanaparthy ,Telangana,52.1,32.6 ,99.0,(87.0),40.4 ,15.1 ,4.4 ,33.2 ,4.9 ,75.3 ,58.7,7.0,7.7,22.5,25.5,8.9,27.5,8.7,48.7,88.9,75.9
Warangal Rural ,Telangana,60.1,22.9 ,100.0,(79.0),36.1 ,19.0 ,8.9 ,37.9 ,2.4 ,71.5 ,59.3,7.6,10.0,26.3,29.4,2.8,23.2,6.5,54.4,87.8,74.3
Warangal Urban ,Telangana,76.9,22.7 ,99.7,(70.1),29.5 ,29.5 ,12.6 ,36.0 ,4.4 ,67.0 ,57.9,7.3,8.9,24.5,32.7,1.5,14.0,2.9,43.3,94.6,81.2
Yadadri Bhuvanagiri ,Telangana,68.4,21.6 ,97.7,76.7 ,38.3 ,10.3 ,3.0 ,27.2 ,5.5 ,65.3 ,53.8,6.9,9.6,24.8,32.3,5.6,22.2,12.9,58.4,94.9,81.9
Dhalai ,Tripura,71.6,38.9 ,87.3,73.7 ,45.7 ,15.9 ,7.7 ,27.6 ,13.1 ,81.2 ,70.0,5.7,8.4,14.5,17.4,55.2,61.3,7.5,40.2,34.0,67.6
Gomati ,Tripura,77.2,42.8 ,93.2,(67.1),22.7 ,27.6 ,11.2 ,29.0 ,3.4 ,70.7 ,62.3,7.5,8.0,19.8,21.4,49.6,55.8,9.4,33.7,47.7,77.4
Khowai ,Tripura,80.5,28.3 ,95.7,(60.7),47.0 ,16.6 ,6.2 ,24.7 ,8.1 ,73.4 ,63.7,7.0,7.6,19.0,21.4,51.3,61.9,9.6,40.3,41.5,67.8
North Tripura ,Tripura,83.1,34.2 ,85.4,69.6 ,26.2 ,30.0 ,18.1 ,32.2 ,9.0 ,52.5 ,69.3,7.3,9.2,18.8,19.3,52.5,64.0,6.1,33.5,41.6,74.1
Sepahijala ,Tripura,79.6,51.9 ,87.7,(70.3),34.5 ,14.9 ,6.7 ,21.0 ,12.4 ,72.1 ,69.4,8.6,11.3,19.3,19.9,47.6,50.4,8.1,29.5,37.1,75.4
South Tripura ,Tripura,80.3,46.2 ,89.7,(48.5),25.5 ,15.3 ,5.2 ,21.6 ,5.0 ,59.6 ,66.5,8.1,8.9,22.4,24.2,51.0,54.3,5.6,30.5,29.4,68.6
Unakoti ,Tripura,76.4,38.0 ,71.5,58.3 ,31.8 ,19.3 ,4.0 ,32.0 ,1.9 ,62.8 ,67.9,8.0,8.5,21.0,22.1,54.9,59.7,3.4,23.3,29.2,61.8
West Tripura ,Tripura,86.2,37.1 ,95.3,(88.4),30.3 ,11.7 ,2.1 ,21.2 ,8.7 ,54.5 ,67.3,9.3,8.9,25.1,27.1,47.7,55.2,3.5,33.0,65.2,80.2
Saharanpur ,Uttar Pradesh,73.8,7.0 ,81.7,89.2 ,28.8 ,22.0 ,12.9 ,26.7 ,1.9 ,68.1 ,41.4,3.2,2.5,23.0,24.3,2.4,30.7,0.5,14.1,56.6,83.8
Bijnor ,Uttar Pradesh,74.1,5.2 ,83.7,90.6 ,36.2 ,9.4 ,2.0 ,21.9 ,2.7 ,60.9 ,46.0,6.6,6.8,19.7,24.3,3.6,36.5,0.2,15.1,45.8,78.2
Rampur ,Uttar Pradesh,59.3,10.5 ,81.0,79.4 ,40.4 ,17.6 ,5.9 ,32.1 ,2.1 ,69.6 ,55.4,5.5,6.0,17.7,21.0,4.9,36.1,0.1,14.6,46.2,79.0
Jyotiba Phule Nagar ,Uttar Pradesh,64.4,11.6 ,81.1,72.9 ,42.2 ,22.5 ,12.5 ,35.4 ,4.6 ,69.6 ,47.6,3.4,3.9,19.1,24.6,4.4,38.9,0.4,14.4,45.4,78.9
Meerut ,Uttar Pradesh,80.2,7.6 ,80.6,82.5 ,32.1 ,10.2 ,2.1 ,23.7 ,1.3 ,55.2 ,45.5,7.8,7.9,20.0,26.2,2.6,24.4,0.2,13.7,68.5,82.7
Baghpat ,Uttar Pradesh,78.1,8.1 ,80.9,83.9 ,25.5 ,10.3 ,3.9 ,26.0 ,1.7 ,60.2 ,53.3,5.7,6.4,21.4,25.5,4.7,31.8,0.3,12.9,51.5,87.0
Gautam Buddha Nagar ,Uttar Pradesh,80.6,13.5 ,86.6,68.2 ,25.5 ,12.0 ,3.5 ,21.9 ,0.6 ,62.9 ,59.4,7.0,9.4,16.4,20.9,3.0,29.7,0.2,17.3,75.0,74.0
Bulandshahr ,Uttar Pradesh,72.1,12.8 ,83.5,67.3 ,37.6 ,13.8 ,2.6 ,26.5 ,2.9 ,64.1 ,52.0,5.7,7.5,21.2,26.2,4.1,34.4,0.2,17.2,48.4,81.5
Aligarh ,Uttar Pradesh,68.7,15.8 ,82.6,70.1 ,35.0 ,10.9 ,4.0 ,26.3 ,2.0 ,62.6 ,56.5,5.3,6.1,18.2,22.0,5.1,37.0,0.1,16.9,51.4,69.4
Mahamaya Nagar ,Uttar Pradesh,68.7,28.1 ,80.3,71.6 ,39.1 ,12.0 ,4.7 ,24.5 ,3.7 ,72.1 ,58.2,3.3,4.5,22.4,26.4,8.0,43.3,0.5,12.9,46.5,73.3
Mathura ,Uttar Pradesh,67.9,21.3 ,79.5,73.6 ,31.6 ,11.0 ,3.2 ,21.3 ,2.1 ,77.2 ,63.0,2.8,5.0,21.1,25.4,9.3,42.9,0.1,13.0,47.3,71.2
Agra ,Uttar Pradesh,65.0,17.9 ,89.1,74.1 ,35.9 ,16.4 ,4.6 ,26.2 ,3.4 ,73.0 ,59.4,3.2,3.5,16.8,20.9,8.9,46.1,0.6,20.9,67.5,70.8
Firozabad ,Uttar Pradesh,74.4,24.8 ,80.1,67.1 ,46.9 ,9.5 ,3.8 ,25.6 ,4.8 ,73.9 ,57.1,2.5,3.2,18.1,20.5,5.2,45.6,0.3,17.7,53.5,69.0
Mainpuri ,Uttar Pradesh,78.4,16.0 ,82.7,75.0 ,44.3 ,14.6 ,6.7 ,33.6 ,4.0 ,70.4 ,57.8,3.6,3.7,14.4,17.9,2.9,41.3,0.5,15.2,39.8,63.1
Bareilly ,Uttar Pradesh,54.7,11.4 ,75.1,70.5 ,45.9 ,15.4 ,5.6 ,35.2 ,1.4 ,67.7 ,60.8,5.4,5.5,16.4,17.6,5.5,39.3,0.1,17.8,54.6,79.7
Pilibhit ,Uttar Pradesh,59.3,16.2 ,76.2,92.3 ,38.9 ,20.1 ,7.5 ,39.4 ,1.4 ,57.3 ,52.0,5.0,6.6,19.5,17.5,4.9,38.2,0.2,15.5,48.1,76.8
Shahjahanpur ,Uttar Pradesh,59.5,20.9 ,63.3,76.5 ,44.5 ,17.0 ,8.1 ,34.7 ,3.2 ,75.4 ,60.3,4.3,2.5,16.1,14.5,6.6,49.0,0.2,20.4,40.4,69.2
Kheri ,Uttar Pradesh,62.0,19.7 ,82.8,69.5 ,47.6 ,15.8 ,3.9 ,36.3 ,2.2 ,66.3 ,53.0,4.0,4.2,20.1,22.4,14.8,55.2,0.2,17.5,35.9,65.6
Sitapur ,Uttar Pradesh,59.2,20.8 ,84.8,65.9 ,47.8 ,18.2 ,6.5 ,37.9 ,2.9 ,66.4 ,55.3,3.9,4.8,17.8,23.0,13.8,59.7,0.1,13.8,31.5,52.5
Hardoi ,Uttar Pradesh,59.3,19.3 ,73.9,63.3 ,44.5 ,22.3 ,9.9 ,33.0 ,5.4 ,76.1 ,59.7,3.4,3.5,18.1,19.9,6.5,52.1,0.1,14.3,29.0,55.7
Unnao ,Uttar Pradesh,68.2,18.9 ,80.8,58.6 ,39.2 ,12.1 ,5.1 ,29.3 ,7.5 ,76.0 ,48.9,3.7,3.7,22.0,21.4,9.5,50.9,0.3,16.7,43.4,60.3
Lucknow ,Uttar Pradesh,79.8,9.9 ,91.3,68.9 ,32.1 ,11.5 ,1.4 ,25.5 ,2.0 ,52.9 ,55.8,7.8,9.5,21.2,22.8,7.7,39.2,0.2,14.2,78.3,80.4
Farrukhabad ,Uttar Pradesh,65.1,18.8 ,69.3,68.5 ,47.8 ,14.3 ,6.1 ,31.1 ,4.7 ,77.1 ,56.9,2.9,2.7,13.8,14.8,6.4,49.0,0.3,19.7,45.5,72.6
Kannauj ,Uttar Pradesh,68.3,10.4 ,76.4,55.8 ,43.0 ,21.5 ,10.8 ,33.5 ,5.2 ,79.6 ,65.2,3.3,3.3,14.9,14.4,8.7,50.9,0.3,15.3,35.5,70.1
Etawah ,Uttar Pradesh,79.7,16.3 ,85.2,77.7 ,38.8 ,13.9 ,6.2 ,24.3 ,2.6 ,74.0 ,57.4,3.6,4.1,16.7,19.7,5.2,45.5,0.1,16.9,48.6,78.1
Auraiya ,Uttar Pradesh,79.3,18.1 ,90.1,82.5 ,39.7 ,19.4 ,9.2 ,32.6 ,7.3 ,64.2 ,39.1,3.2,2.8,20.0,22.1,9.3,46.8,0.3,11.4,33.7,74.3
Kanpur Dehat ,Uttar Pradesh,75.6,12.7 ,84.3,56.3 ,44.1 ,12.5 ,6.7 ,32.8 ,6.8 ,69.2 ,54.9,2.9,4.1,12.6,16.5,10.2,50.5,0.4,16.5,39.3,70.6
Kanpur Nagar ,Uttar Pradesh,82.7,10.9 ,86.6,72.8 ,34.6 ,21.4 ,12.6 ,27.8 ,5.8 ,76.3 ,57.0,4.3,3.2,17.3,16.2,9.5,46.8,0.3,15.1,76.9,77.5
Jalaun ,Uttar Pradesh,71.0,16.9 ,85.1,66.2 ,45.1 ,19.5 ,8.5 ,36.1 ,2.3 ,55.2 ,44.2,2.3,2.8,16.8,20.0,13.4,49.9,0.2,11.7,36.5,80.2
Jhansi ,Uttar Pradesh,72.5,25.1 ,92.9,44.5 ,40.9 ,25.2 ,10.4 ,39.3 ,3.3 ,70.3 ,41.3,1.7,2.2,15.7,17.3,10.1,49.5,0.3,10.9,51.9,73.2
Lalitpur ,Uttar Pradesh,61.3,42.5 ,90.8,70.8 ,46.6 ,18.7 ,7.5 ,34.8 ,6.7 ,56.0 ,38.1,1.7,1.8,17.2,17.9,5.5,54.5,0.7,16.7,20.3,64.2
Hamirpur ,Uttar Pradesh,73.2,10.5 ,96.3,77.1 ,48.0 ,20.6 ,10.7 ,36.3 ,9.1 ,68.5 ,46.1,1.6,1.8,16.7,18.8,17.0,64.5,0.2,13.3,29.0,77.7
Mahoba ,Uttar Pradesh,69.7,20.8 ,96.3,70.7 ,42.3 ,25.0 ,11.7 ,33.4 ,5.0 ,70.1 ,49.4,1.9,2.4,15.0,15.7,13.2,63.3,0.2,12.2,28.2,69.0
Banda ,Uttar Pradesh,62.6,19.0 ,89.8,62.9 ,51.0 ,25.7 ,13.0 ,49.8 ,6.3 ,82.2 ,52.2,3.2,3.6,20.1,18.9,19.7,63.3,0.5,12.4,26.8,59.3
Chitrakoot ,Uttar Pradesh,62.1,21.8 ,81.1,63.7 ,47.5 ,24.8 ,12.0 ,41.8 ,6.7 ,55.3 ,46.6,1.3,2.4,15.1,16.4,12.7,59.6,0.5,13.6,31.2,56.7
Fatehpur ,Uttar Pradesh,66.5,10.4 ,81.4,55.7 ,51.1 ,17.8 ,9.1 ,38.0 ,3.6 ,78.1 ,63.0,2.5,4.2,17.0,18.0,20.8,60.8,0.8,18.5,38.9,63.1
Pratapgarh ,Uttar Pradesh,77.7,11.0 ,90.8,75.0 ,35.5 ,10.0 ,2.5 ,27.7 ,1.3 ,58.0 ,48.9,6.7,10.5,17.6,22.3,11.9,41.4,0.5,9.0,37.1,52.0
Kaushambi ,Uttar Pradesh,62.0,17.6 ,88.6,65.7 ,40.2 ,18.3 ,4.3 ,36.8 ,0.8 ,65.5 ,54.4,4.5,8.0,9.4,10.0,14.9,53.6,0.2,13.0,37.0,59.6
Allahabad ,Uttar Pradesh,70.8,13.8 ,83.2,55.8 ,37.9 ,15.1 ,4.3 ,32.6 ,1.0 ,50.5 ,46.4,6.7,7.3,12.6,17.7,11.9,44.6,0.2,12.5,45.1,59.5
Bara Banki ,Uttar Pradesh,61.1,20.4 ,76.0,64.4 ,41.9 ,18.1 ,7.8 ,31.9 ,3.0 ,65.5 ,55.3,4.6,5.6,19.1,22.7,11.2,50.2,0.2,11.3,47.8,62.4
Faizabad ,Uttar Pradesh,77.7,7.6 ,89.1,68.7 ,30.6 ,12.4 ,2.0 ,27.5 ,2.6 ,57.7 ,52.3,8.6,9.5,14.9,17.7,8.7,41.2,0.2,10.6,41.3,64.4
Ambedkar Nagar ,Uttar Pradesh,78.5,5.5 ,92.2,75.1 ,31.1 ,17.8 ,3.9 ,29.2 ,1.9 ,54.9 ,52.7,6.6,9.3,17.2,22.0,12.8,52.9,0.2,16.5,32.2,63.6
Bahraich ,Uttar Pradesh,41.6,37.5 ,67.7,51.8 ,52.1 ,14.4 ,7.5 ,38.0 ,4.1 ,71.7 ,48.8,3.1,2.7,24.2,28.7,26.6,59.0,0.6,12.2,38.2,44.2
Shrawasti ,Uttar Pradesh,40.8,51.9 ,80.4,59.6 ,50.9 ,20.3 ,9.3 ,40.8 ,3.3 ,61.2 ,44.4,3.6,3.7,18.4,18.7,24.2,64.2,0.3,8.0,36.9,58.1
Balrampur ,Uttar Pradesh,44.9,35.0 ,69.7,57.4 ,41.2 ,24.9 ,14.3 ,37.2 ,3.9 ,75.4 ,53.7,4.0,3.6,23.2,25.3,23.6,59.8,0.4,10.7,39.6,59.7
Gonda ,Uttar Pradesh,60.4,25.4 ,81.8,59.9 ,45.9 ,12.1 ,3.8 ,28.0 ,4.7 ,62.0 ,49.3,3.7,5.5,22.9,28.6,18.0,51.6,0.4,11.1,56.2,44.6
Siddharthnagar ,Uttar Pradesh,49.1,33.9 ,69.7,65.1 ,37.2 ,24.8 ,14.5 ,36.3 ,2.8 ,75.8 ,51.2,4.8,5.4,19.1,23.5,14.6,54.9,0.2,11.2,50.6,42.8
Basti ,Uttar Pradesh,65.3,15.9 ,93.2,73.8 ,35.9 ,24.2 ,15.2 ,39.2 ,2.7 ,58.4 ,39.9,4.9,5.4,19.2,25.0,10.2,51.3,0.2,14.8,57.0,64.2
Sant Kabir Nagar ,Uttar Pradesh,62.7,16.8 ,90.6,80.2 ,42.3 ,19.0 ,8.8 ,34.2 ,2.9 ,71.6 ,43.5,3.3,4.5,22.5,28.2,9.9,51.9,0.3,14.4,58.1,65.1
Mahrajganj ,Uttar Pradesh,64.1,24.1 ,93.3,76.2 ,40.5 ,21.8 ,9.1 ,37.4 ,3.4 ,60.5 ,47.1,5.4,5.6,19.6,24.9,5.9,47.8,0.3,17.2,65.1,66.7
Gorakhpur ,Uttar Pradesh,70.1,14.6 ,91.6,67.7 ,29.6 ,23.3 ,12.0 ,33.7 ,1.3 ,67.4 ,52.9,6.2,5.1,16.8,20.7,5.4,44.6,0.1,18.9,66.8,69.6
Kushinagar ,Uttar Pradesh,64.4,17.7 ,89.4,65.4 ,32.2 ,24.3 ,9.0 ,36.6 ,2.2 ,52.8 ,42.3,4.9,6.3,16.4,21.9,4.3,45.1,0.2,16.9,55.2,73.1
Deoria ,Uttar Pradesh,73.7,13.7 ,93.4,64.2 ,36.8 ,26.5 ,10.8 ,39.4 ,3.4 ,54.9 ,33.8,4.4,5.3,17.6,21.0,2.3,36.9,0.3,12.7,67.2,69.1
Azamgarh ,Uttar Pradesh,78.9,12.0 ,93.2,64.5 ,33.4 ,14.4 ,4.3 ,28.0 ,0.5 ,58.9 ,54.3,6.9,10.1,19.4,28.7,9.4,44.1,0.3,14.7,37.6,72.8
Mau ,Uttar Pradesh,74.4,11.0 ,94.7,59.1 ,25.4 ,21.2 ,9.6 ,30.3 ,1.2 ,62.7 ,44.3,5.4,6.5,23.9,29.9,6.4,39.3,0.4,13.6,54.2,75.1
Ballia ,Uttar Pradesh,73.3,9.9 ,90.0,62.2 ,43.8 ,21.9 ,10.7 ,42.5 ,2.2 ,71.6 ,52.2,6.1,6.6,17.1,20.7,2.2,35.6,0.5,9.9,53.8,61.7
Jaunpur ,Uttar Pradesh,77.3,11.8 ,88.8,75.1 ,40.5 ,14.8 ,6.7 ,30.3 ,2.7 ,65.3 ,34.0,3.4,3.7,16.0,19.7,5.8,43.8,0.6,13.6,55.2,62.6
Ghazipur ,Uttar Pradesh,75.8,13.5 ,88.3,60.8 ,39.3 ,25.7 ,13.9 ,38.3 ,3.6 ,71.6 ,45.7,3.4,4.8,14.2,20.3,4.4,37.7,0.2,10.5,39.3,64.1
Chandauli ,Uttar Pradesh,73.9,17.2 ,86.2,70.6 ,39.5 ,17.4 ,7.4 ,29.9 ,0.6 ,64.6 ,48.7,4.2,4.4,18.9,23.6,7.1,44.8,0.4,16.9,42.3,66.7
Varanasi ,Uttar Pradesh,80.6,10.4 ,95.2,79.3 ,37.4 ,21.0 ,13.3 ,39.0 ,3.1 ,65.2 ,37.6,4.2,5.0,19.0,27.1,5.5,38.4,0.4,13.4,71.5,83.2
Sant Ravidas Nagar (Bhadohi) ,Uttar Pradesh,72.6,19.6 ,90.3,62.2 ,42.7 ,9.1 ,2.4 ,26.5 ,2.3 ,59.2 ,43.8,4.0,7.3,14.9,23.0,7.4,36.5,0.1,7.7,39.9,68.8
Mirzapur ,Uttar Pradesh,73.4,16.6 ,91.1,68.3 ,43.4 ,12.5 ,3.3 ,27.6 ,2.9 ,59.8 ,42.1,5.1,5.0,21.7,29.0,5.4,42.2,0.1,14.0,42.5,72.3
Sonbhadra ,Uttar Pradesh,64.8,17.7 ,76.8,72.7 ,38.3 ,26.8 ,17.4 ,46.5 ,0.9 ,63.0 ,44.5,2.6,5.0,19.0,21.4,5.8,54.1,0.6,24.1,30.4,70.6
Etah ,Uttar Pradesh,70.8,20.1 ,76.7,55.5 ,48.8 ,15.0 ,8.4 ,30.6 ,3.7 ,77.4 ,55.4,2.1,2.6,16.4,19.2,5.0,46.0,0.6,15.1,39.6,62.7
Kanshiram Nagar ,Uttar Pradesh,60.6,23.2 ,74.8,69.2 ,45.1 ,19.3 ,9.9 ,35.5 ,4.6 ,80.8 ,64.6,2.8,3.2,16.5,19.5,6.9,44.7,0.4,17.1,36.6,69.8
Amethi ,Uttar Pradesh,67.3,14.9 ,90.8,75.9 ,35.8 ,19.9 ,5.1 ,33.1 ,1.2 ,52.4 ,46.1,6.5,5.6,19.2,21.2,11.5,49.3,0.4,9.1,26.4,60.9
Budaun ,Uttar Pradesh,52.4,22.9 ,72.3,69.5 ,51.8 ,18.2 ,6.8 ,43.0 ,3.8 ,72.2 ,55.3,3.6,3.7,13.0,13.8,7.1,41.9,0.5,14.0,39.8,69.7
Ghaziabad ,Uttar Pradesh,81.8,8.0 ,86.4,68.5 ,28.2 ,17.1 ,3.0 ,23.4 ,3.0 ,61.8 ,55.2,9.4,11.2,19.3,24.5,1.7,22.3,0.1,13.4,92.4,84.5
Hapur ,Uttar Pradesh,75.3,7.1 ,83.3,84.4 ,30.2 ,18.5 ,9.2 ,26.9 ,5.1 ,69.4 ,50.6,3.3,4.1,22.9,25.7,2.4,30.8,0.1,15.4,68.0,85.6
Moradabad ,Uttar Pradesh,69.4,9.6 ,80.3,84.5 ,34.7 ,19.1 ,9.8 ,27.0 ,2.3 ,67.6 ,44.9,3.9,3.8,21.3,25.6,3.6,32.6,0.3,13.8,58.3,79.0
Muzaffarnagar ,Uttar Pradesh,73.4,7.3 ,87.0,69.5 ,29.8 ,20.7 ,9.9 ,29.9 ,4.2 ,65.4 ,46.0,5.2,5.8,21.6,24.2,3.7,31.7,0.3,13.7,59.8,80.1
Rae Bareli ,Uttar Pradesh,66.5,14.3 ,89.5,71.4 ,47.0 ,13.0 ,6.3 ,28.8 ,4.3 ,76.4 ,48.2,3.7,3.2,19.4,17.9,11.8,50.4,0.5,16.5,39.4,55.0
Sambhal ,Uttar Pradesh,52.6,21.1 ,74.2,83.0 ,51.6 ,14.1 ,5.6 ,29.8 ,3.8 ,69.8 ,51.3,3.2,3.4,19.3,22.7,4.9,40.3,0.2,16.7,38.2,72.8
Shamli ,Uttar Pradesh,65.8,10.8 ,78.3,91.1 ,28.6 ,24.3 ,13.2 ,27.5 ,2.1 ,65.2 ,41.7,3.6,4.7,21.2,28.6,3.7,30.6,0.3,10.2,53.6,83.3
Sultanpur ,Uttar Pradesh,74.9,7.9 ,87.0,80.2 ,33.4 ,10.7 ,2.5 ,28.3 ,1.4 ,62.3 ,50.2,6.9,7.8,20.6,24.3,14.2,47.5,0.1,10.1,33.7,65.1
Uttarkashi ,Uttarakhand,81.2,5.7 ,85.9,81.8 ,34.1 ,10.6 ,5.4 ,23.5 ,2.7 ,73.6 ,60.9,3.5,6.0,19.0,24.4,2.5,35.1,0.5,26.9,32.6,75.7
Chamoli ,Uttarakhand,90.5,3.4 ,73.9,85.0 ,34.1 ,16.2 ,5.0 ,21.6 ,7.5 ,65.5 ,41.8,2.9,5.0,19.7,28.5,2.2,38.4,0.2,37.7,37.4,87.6
Rudraprayag ,Uttarakhand,87.2,8.6 ,86.6,91.4 ,25.2 ,8.0 ,2.4 ,10.9 ,4.2 ,52.4 ,40.6,4.2,8.7,18.7,31.7,2.0,41.0,0.2,38.9,35.1,86.8
Tehri Garhwal ,Uttarakhand,75.5,6.3 ,82.2,83.0 ,29.3 ,12.8 ,5.2 ,20.7 ,2.2 ,61.7 ,42.2,4.1,6.0,20.0,34.0,3.8,41.1,0.2,35.7,34.9,84.6
Dehradun ,Uttarakhand,87.6,6.6 ,91.7,(76.0),20.9 ,10.1 ,2.4 ,19.1 ,3.8 ,59.5 ,47.9,8.2,10.6,23.7,31.9,2.4,25.6,0.2,21.6,88.8,83.9
Garhwal ,Uttarakhand,85.8,8.6 ,76.0,(76.0),30.0 ,12.0 ,5.0 ,18.8 ,4.7 ,57.2 ,40.3,4.9,5.7,22.1,34.3,6.4,42.9,0.7,33.6,48.1,83.3
Pithoragarh ,Uttarakhand,89.1,16.2 ,84.9,96.0 ,25.6 ,12.4 ,6.9 ,20.6 ,4.4 ,36.2 ,25.5,2.4,5.0,23.3,32.9,4.3,38.5,0.3,33.2,45.9,84.5
Bageshwar ,Uttarakhand,87.8,12.9 ,82.0,(86.9),23.6 ,7.7 ,3.7 ,11.9 ,3.5 ,43.7 ,27.8,3.8,6.0,20.2,34.9,7.7,43.7,0.5,39.5,34.6,88.5
Almora ,Uttarakhand,88.0,1.5 ,80.1,(85.1),26.0 ,17.0 ,6.1 ,22.9 ,4.4 ,57.7 ,33.4,3.7,5.9,24.6,33.2,5.5,44.3,0.1,31.8,35.9,89.2
Champawat ,Uttarakhand,84.7,11.7 ,79.8,91.9 ,24.9 ,12.4 ,5.8 ,15.3 ,4.7 ,43.1 ,32.5,3.7,6.8,19.9,29.7,4.9,38.7,0.2,33.1,39.8,82.7
Nainital ,Uttarakhand,85.4,11.3 ,81.2,74.1 ,23.2 ,14.0 ,5.9 ,14.8 ,7.5 ,59.8 ,34.5,6.0,6.7,24.0,30.4,5.2,34.8,0.4,29.5,71.6,82.4
Udham Singh Nagar ,Uttarakhand,72.3,14.6 ,85.1,83.2 ,26.8 ,12.4 ,3.1 ,22.0 ,2.4 ,60.8 ,51.0,8.1,9.8,22.2,30.2,5.3,31.7,0.4,21.6,64.0,70.9
Hardwar ,Uttarakhand,76.4,9.9 ,79.8,76.5 ,31.1 ,16.4 ,6.4 ,27.0 ,4.0 ,63.1 ,43.8,5.5,6.9,26.2,33.9,5.7,31.8,0.4,17.6,61.5,69.8
Darjiling ,West Bengal,77.0,21.2 ,98.4,94.2 ,34.3 ,20.6 ,11.6 ,31.6 ,8.2 ,68.1 ,59.2,4.8,6.6,29.2,29.5,14.4,49.0,5.8,32.9,68.8,83.0
Jalpaiguri ,West Bengal,73.6,18.7 ,95.8,87.9 ,28.9 ,18.3 ,7.3 ,25.4 ,5.5 ,67.4 ,71.4,5.2,6.8,21.2,23.7,19.0,54.2,2.8,28.2,42.7,73.2
Koch Bihar ,West Bengal,79.2,46.7 ,93.0,94.2 ,28.7 ,16.8 ,5.2 ,22.5 ,2.3 ,66.4 ,74.8,4.6,7.5,21.7,20.8,22.3,56.1,0.3,14.4,25.7,75.7
Uttar Dinajpur ,West Bengal,65.4,30.3 ,76.9,84.4 ,44.8 ,16.0 ,7.2 ,32.0 ,7.1 ,77.2 ,72.4,4.7,7.7,16.3,23.8,10.2,49.1,1.7,15.9,27.2,63.8
Dakshin Dinajpur ,West Bengal,74.3,45.6 ,91.4,92.6 ,31.9 ,22.8 ,9.6 ,30.2 ,3.9 ,72.5 ,82.0,6.7,8.1,17.6,16.2,12.8,47.2,2.3,22.7,28.7,79.0
Maldah ,West Bengal,72.3,49.1 ,87.7,87.2 ,40.5 ,20.0 ,6.3 ,35.3 ,3.3 ,71.0 ,73.6,7.8,9.6,19.3,17.8,8.4,45.2,0.3,15.1,29.6,62.0
Murshidabad ,West Bengal,67.6,55.4 ,87.0,90.0 ,39.8 ,16.3 ,3.7 ,32.4 ,3.6 ,72.1 ,77.6,8.8,8.1,18.7,16.3,5.1,43.7,0.9,10.8,30.7,69.7
Birbhum ,West Bengal,70.8,49.9 ,90.3,81.6 ,37.0 ,25.5 ,5.6 ,41.8 ,3.4 ,76.5 ,77.7,7.2,9.1,17.5,14.1,8.1,50.3,1.7,18.0,28.1,55.0
Nadia ,West Bengal,76.2,39.9 ,97.7,(89.9),26.1 ,17.6 ,7.5 ,25.1 ,3.0 ,63.6 ,73.4,7.9,8.5,21.2,16.0,6.8,47.7,0.4,10.8,34.2,78.4
North Twenty Four Pargana ,West Bengal,85.5,33.6 ,97.5,(92.8),32.4 ,13.3 ,5.0 ,23.6 ,6.5 ,57.9 ,65.3,8.4,9.5,19.0,17.1,7.0,49.8,0.4,17.6,58.9,80.4
Hugli ,West Bengal,77.4,40.8 ,97.0,(95.4),28.9 ,20.0 ,5.0 ,33.4 ,5.2 ,67.9 ,75.1,9.5,11.4,24.1,26.7,8.1,53.5,1.5,22.3,54.6,76.2
Bankura ,West Bengal,68.3,45.7 ,93.3,(85.0),30.3 ,26.0 ,8.3 ,38.8 ,1.9 ,67.1 ,77.0,7.1,10.9,21.0,20.3,21.5,47.7,0.6,16.0,20.8,49.2
Puruliya ,West Bengal,61.0,37.0 ,89.8,84.7 ,36.9 ,29.4 ,7.9 ,46.3 ,1.0 ,77.9 ,76.7,4.8,8.7,17.5,20.4,26.7,51.2,1.1,17.8,23.2,29.2
Haora ,West Bengal,80.5,30.4 ,95.5,(87.8),27.5 ,21.3 ,10.5 ,27.3 ,4.6 ,67.7 ,65.3,6.2,8.3,24.0,26.8,6.0,44.7,0.7,19.4,61.9,72.9
Kolkata ,West Bengal,87.6,16.7 ,97.5,(80.2),29.6 ,29.3 ,16.9 ,32.9 ,6.0 ,72.3 ,58.2,9.4,12.9,23.9,23.8,6.0,42.4,1.0,22.2,91.7,60.9
South Twenty Four Pargana ,West Bengal,85.6,41.9 ,91.0,91.7 ,36.7 ,21.2 ,11.8 ,32.2 ,7.0 ,70.4 ,61.6,8.2,10.1,21.5,19.1,6.3,49.8,0.4,16.5,36.2,70.1
Paschim Medinipur ,West Bengal,70.9,55.7 ,87.6,76.9 ,31.1 ,30.3 ,9.6 ,40.0 ,1.7 ,66.0 ,81.5,7.8,10.5,19.3,19.0,18.8,50.5,1.5,20.8,17.5,58.3
Purba Medinipur ,West Bengal,77.0,57.6 ,91.5,88.4 ,25.8 ,15.5 ,3.0 ,30.6 ,3.1 ,67.5 ,70.4,11.0,11.9,18.1,21.3,12.9,40.1,2.0,14.8,17.0,69.8
Paschim Barddhaman ,West Bengal,73.5,31.8 ,89.8,62.4 ,39.7 ,25.5 ,8.0 ,41.0 ,3.1 ,74.7 ,65.8,7.0,10.3,17.6,20.7,11.8,40.2,0.8,14.6,56.3,71.5
